,y0,y1,y2,y3,y4,y5,y6,y7,y8,y9,y10,y11,y12,y13,y14,y15,y16,y17,y18,y19,y20,y21,y22,y23,y24,y25,y26,y27,y28,y29,y30,y31,y32,y33,y34,y35,y36,y37,y38,y39,y40,y41,y42,y43,y44,y45,y46,y47,y48,y49
0,-0.002678721,0.006664608,0.0028683075,-0.00023514146,0.00020624022,0.0010688186,0.00015661879,0.0060032895,0.00353308,-0.00093007844,0.0021195118,-0.0013076502,0.0030112835,0.0010479871,-0.001065454,-0.0033543298,0.0054496857,0.004752847,-0.002833826,0.002234704,0.0020460803,0.00019574552,0.0023053796,0.0015626919,0.0016194753,-0.0010245607,-0.0048031085,-0.0034762379,0.0019945765,0.002825072,-0.00273161,-0.004648747,0.0019329657,-0.0048519084,0.0011799127,-0.0025075166,-0.00027535803,-0.0012467843,0.0011249973,-0.0023342653,0.0001222592,0.0022536714,-0.0069377297,-0.0045741303,-0.0028580425,-0.0053330734,-0.0044773417,0.003944454,-0.0016368789,-0.0025480462
1,-0.0024479616,0.004045301,0.0016346398,-0.0009035073,-0.00025364492,0.00048759687,-0.00061692455,0.0036533833,0.0018592764,-0.001111664,0.0010312465,-0.0022264412,0.0011865326,0.0005130687,-0.0018200076,-0.0031329247,0.0029797961,0.0024133974,-0.002272067,0.001058433,0.00014341838,-0.00028229947,0.0010632303,0.00062498136,0.00060049805,-0.0013351286,-0.004342566,-0.0033289564,0.0009670422,0.0016296657,-0.002832041,-0.004130272,0.00063789595,-0.004561911,0.00035192576,-0.002306067,-0.0006401979,-0.0016255293,0.0005830217,-0.0024782785,-0.000556286,0.00096009695,-0.0059170704,-0.0038074688,-0.0028492885,-0.0046347817,-0.0039731204,0.002086798,-0.0015642395,-0.002587347
2,-0.0021638556,0.0016022582,0.0005119345,-0.0014442998,-0.0006233866,-3.7810267e-05,-0.0012768452,0.0014901618,0.00035999028,-0.0012276183,7.4613694e-05,-0.0029890258,-0.00047716207,3.9407205e-05,-0.0024412863,-0.0028433108,0.00072588125,0.00029328233,-0.0016876941,1.4160536e-06,-0.001552708,-0.00065649167,-4.1614643e-05,-0.00018588765,-0.00029395812,-0.0015612481,-0.003815055,-0.003105857,4.904379e-05,0.0005503364,-0.0028381837,-0.0035330672,-0.000541567,-0.004193946,-0.00037505952,-0.0020691778,-0.0009176886,-0.0019083786,0.00011365928,-0.0025215123,-0.0011319821,-0.0001992173,-0.004854307,-0.003013208,-0.002750773,-0.003870545,-0.0033931027,0.00039856767,-0.001444884,-0.0025419919
3,-0.001811716,-0.0006317751,-0.00047876054,-0.0018424036,-0.00088979205,-0.0004901027,-0.0018055781,-0.00046062312,-0.000944477,-0.0012640412,-0.0007330154,-0.0035753446,-0.0019534733,-0.0003555889,-0.0029108697,-0.00247236,-0.0012852402,-0.0015824321,-0.0010720263,-0.0009149495,-0.0030168067,-0.0009146622,-0.0009898681,-0.0008530427,-0.0010450651,-0.0016880695,-0.003208399,-0.0027919067,-0.0007400693,-0.00039395763,-0.0027353673,-0.0028468177,-0.0015813112,-0.0037341795,-0.0009844381,-0.0017817548,-0.0010914921,-0.0020791702,-0.0002666358,-0.0024506983,-0.0015867904,-0.0012024451,-0.00373946,-0.0021816809,-0.0025498492,-0.0030303837,-0.002727155,-0.0010961356,-0.0012642101,-0.0023981503
4,-0.0013753029,-0.0026198444,-0.0013149444,-0.0020802282,-0.001036195,-0.0008488838,-0.002181517,-0.0021706522,-0.0020326013,-0.0012045511,-0.001371049,-0.0039636367,-0.003212966,-0.0006540046,-0.0032079734,-0.0020055624,-0.0030249069,-0.0031869996,-0.00041360751,-0.0016671274,-0.0042202184,-0.0010415702,-0.0017590533,-0.0013596338,-0.0016322361,-0.0016975222,-0.0025072594,-0.002371895,-0.0013787715,-0.0011819921,-0.0025062968,-0.002059584,-0.0024547179,-0.0031661163,-0.0014559381,-0.0014266447,-0.0011455318,-0.002118558,-0.00054006785,-0.0022504216,-0.0019014949,-0.0020267835,-0.0025607704,-0.0013005348,-0.0022322757,-0.0021028237,-0.0019628317,-0.002372972,-0.0010058553,-0.0021396943
5,-0.0008357495,-0.004323533,-0.0019704937,-0.0021380372,-0.0010428734,-0.0010893921,-0.0023811988,-0.003607518,-0.0028785807,-0.0010294645,-0.0018178066,-0.0041290666,-0.004221857,-0.0008327976,-0.0033083826,-0.0014252334,-0.004461533,-0.004490489,0.00030185236,-0.0022289802,-0.0051324894,-0.0010198273,-0.002325382,-0.0016856358,-0.0020314849,-0.0015697168,-0.0016961171,-0.0018270308,-0.001842854,-0.0017898005,-0.0021312917,-0.001158127,-0.003131766,-0.0024706651,-0.0017667537,-0.0009828468,-0.0010586597,-0.0020054656,-0.0006860096,-0.0019038956,-0.0020532717,-0.00264533,-0.0013044624,-0.00035523923,-0.0017789636,-0.0010745687,-0.0010863581,-0.003402829,-0.0006505782,-0.0017483422
6,-0.00017132328,-0.005698543,-0.0024167285,-0.001993798,-0.0008880926,-0.0011829388,-0.0023775606,-0.00473765,-0.003454586,-0.0007160274,-0.00204712,-0.0040440233,-0.0049438085,-0.0008664815,-0.0031851605,-0.00071148365,-0.005559736,-0.0054596253,0.0010909108,-0.002570793,-0.005718834,-0.0008285855,-0.0026610717,-0.0018068432,-0.0022163212,-0.0012809767,-0.00075426087,-0.001134736,-0.002104888,-0.0021900777,-0.0015882258,-0.00012611861,-0.0035792124,-0.00162655,-0.0018901438,-0.00042643625,-0.00080823735,-0.0017146519,-0.0006796604,-0.0013892945,-0.0020164046,-0.0030285802,4.6974274e-05,0.00067228713,-0.0011701828,7.147258e-05,-8.0810896e-05,-0.0041538496,-0.00017599037,-0.00120227
7,0.0006434101,-0.006698816,-0.002619514,-0.0016206782,-0.000546585,-0.0010989625,-0.0021407052,-0.0055217477,-0.003729807,-0.00023880997,-0.0020310162,-0.0036769847,-0.0053382087,-0.00072524755,-0.0028087674,0.00015920633,-0.0062810364,-0.006057334,0.0019747193,-0.0026596915,-0.005942494,-0.00044425257,-0.0027353282,-0.0016968518,-0.0021570793,-0.00080437516,0.00034099014,-0.00027126886,-0.0021329725,-0.0023503911,-0.0008512762,0.0010561426,-0.003758919,-0.00060801266,-0.0017962373,0.00027003154,-0.00036743484,-0.0012181035,-0.0004935072,-0.0006832425,-0.0017618532,-0.0031433024,0.0015138894,0.0018022737,-0.00038134176,0.0013535867,0.001074076,-0.004590538,0.00044472655,-0.0004766044
8,0.001637706,-0.0072737867,-0.0025415986,-0.0009895499,1.1076002e-05,-0.00080024183,-0.0016366502,-0.0059175864,-0.0036686782,0.00043409423,-0.0017363637,-0.0029932943,-0.005360711,-0.00037478577,-0.0021433993,0.0012150224,-0.006583264,-0.006243488,0.0029778609,-0.002458336,-0.0057611517,0.0001613566,-0.002514228,-0.0013253671,-0.0018199942,-0.00010749851,0.0016167935,0.0007942704,-0.0018923449,-0.0022366992,0.00010895906,0.0024110593,-0.0036284511,0.00061469455,-0.001449797,0.0011389233,0.00029335133,-0.00048379085,-9.559541e-05,0.000241632,-0.0012554041,-0.0029517706,0.0031207113,0.0030602312,0.0006143583,0.0027949603,0.002400703,-0.004672924,0.0012419857,0.00045749458
9,0.0028448799,-0.0073692175,-0.0021406193,-6.672329e-05,0.00081947504,-0.00024346681,-0.00082456914,-0.005877958,-0.0032320123,0.0013381094,-0.001126109,-0.001953371,-0.00496141,0.00022526493,-0.0011516863,0.002488118,-0.006420218,-0.0059734574,0.0041310336,-0.0019256317,-0.0051303376,0.0010195291,-0.0019579749,-0.0006562595,-0.0011661726,0.00084448204,0.0031043652,0.0020943028,-0.0013426669,-0.0018080437,0.0013269507,0.0039648404,-0.0031412558,0.0020749138,-0.00081254455,0.0022181247,0.0012091161,0.0005252648,0.0005516335,0.0014183655,-0.00045975778,-0.002413187,0.0048961267,0.004476653,0.0018496366,0.004422605,0.003926574,-0.0043565636,0.0022513461,0.0016342128
10,0.0043035904,-0.0069256164,-0.0013685698,0.0011866192,0.0019188912,0.0006191289,0.00033743083,-0.0053507895,-0.002375107,0.002514488,-0.00015884485,-0.00051345426,-0.004085619,0.0011203033,0.00021045379,0.00401616,-0.005740022,-0.0051978324,0.0054706633,-0.0010146396,-0.0040002046,0.0021693662,-0.0010232254,0.0003503121,-0.00015275566,0.0020940888,0.00484095,0.0036681395,-0.00043871085,-0.0010181015,0.0028408675,0.0057495157,-0.0022451098,0.0038125797,0.00016151916,0.003550861,0.002418605,0.001851218,0.0014904478,0.0028835726,0.00066982413,-0.0014799181,0.0068738423,0.0060863886,0.0033621038,0.0062681334,0.005683685,-0.0035917026,0.0035149597,0.0030919116
11,0.00605796,-0.005879762,-0.00017134791,0.0028153472,0.003353867,0.0018422962,0.0019007333,-0.0042791157,-0.0010489369,0.004011321,0.0012131882,0.0013758879,-0.0026739605,0.0023627032,0.001991473,0.005843191,-0.00448774,-0.0038623984,0.0070392336,0.00032575196,-0.0023162414,0.0036545629,0.0003400119,0.001740978,0.0012680792,0.0036884365,0.0068682088,0.00556037,0.00087062415,0.0001842205,0.004695318,0.0078019504,-0.00088038953,0.005872422,0.0015233421,0.0051868013,0.003967327,0.0035415888,0.0027696139,0.004681173,0.0021820157,-0.00010023109,0.009095244,0.007931926,0.005194933,0.0083694635,0.0077097923,-0.0023245306,0.0050795274,0.0048756325
12,0.008159409,-0.0041632983,0.0015114541,0.004869995,0.005178128,0.0034900468,0.0039202035,-0.0025988978,0.000802514,0.0058848,0.0030443997,0.0037698785,-0.00066100433,0.004011904,0.0042473106,0.00801983,-0.002600783,-0.0019075358,0.008888743,0.0021537729,-1.9096551e-05,0.005525226,0.002186587,0.0035684423,0.0031530098,0.0056827203,0.00923604,0.007821938,0.0026433857,0.0018584807,0.006941593,0.0101659205,0.0010151546,0.008306606,0.0033304906,0.0071825944,0.005906518,0.005650473,0.0044450224,0.00686084,0.0041333777,0.001784182,0.011605709,0.010062854,0.007398203,0.010770218,0.010048369,-0.00049199036,0.0070001474,0.0070369644
13,0.010665045,-0.001702375,0.0037486588,0.0074094753,0.0074529867,0.0056318687,0.006459982,-0.00024099457,0.0032417607,0.008197937,0.005395044,0.0067303376,0.0020244312,0.006136465,0.0070392913,0.010604577,-1.2853596e-05,0.0007320032,0.011079544,0.0045341887,0.0029556022,0.007840827,0.004580532,0.005894859,0.005562232,0.008139203,0.012001026,0.010512287,0.0049449555,0.004071273,0.009637301,0.012892664,0.0035147544,0.01117423,0.005649623,0.009603272,0.008294356,0.008239294,0.006581358,0.009480568,0.006588147,0.004238718,0.014461114,0.012536848,0.010029299,0.013522809,0.012751304,0.001972376,0.009339407,0.009635681
14,0.013642485,0.0015819004,0.0066168397,0.010500182,0.010248492,0.008348492,0.009590819,0.0028719415,0.006338309,0.0110245915,0.008335083,0.010324965,0.0054599834,0.008813978,0.010436494,0.0136656575,0.0033496933,0.0041285967,0.013683476,0.007539166,0.0066786525,0.010669667,0.007592034,0.008788314,0.008566049,0.011128854,0.015228764,0.013697929,0.007849451,0.006896643,0.012849893,0.016041704,0.0066968333,0.014542913,0.008554673,0.012522757,0.011199116,0.011376832,0.009251919,0.012606964,0.009618389,0.0073353713,0.017724406,0.015421727,0.01315609,0.016687294,0.01587902,0.0051440345,0.012169408,0.0127397245
15,0.017167151,0.005773974,0.010201484,0.01421859,0.013646574,0.0117301885,0.013392494,0.0068234648,0.010170564,0.014448599,0.011941888,0.0146312835,0.0097292205,0.012131964,0.014517142,0.017280763,0.007567329,0.008360694,0.016783891,0.011249539,0.01122665,0.014090129,0.011300805,0.012328884,0.012242873,0.014732604,0.018993922,0.017455576,0.011438681,0.01042068,0.016654752,0.019683652,0.010646679,0.018489944,0.012130512,0.016025292,0.014695917,0.015141663,0.012540913,0.016315855,0.013305649,0.011155066,0.021469396,0.018796619,0.016853677,0.020335294,0.019501945,0.009106027,0.015572008,0.016427081
16,0.02132618,0.010963813,0.014598895,0.01865065,0.017739387,0.01587831,0.017953975,0.011706708,0.014825559,0.018565698,0.016303927,0.019733349,0.0149241835,0.016189534,0.019366514,0.021539234,0.012726357,0.013514187,0.020478405,0.015755437,0.01668145,0.018191986,0.015795901,0.016606908,0.016681345,0.019042145,0.023382327,0.021872919,0.015806291,0.01473758,0.021138594,0.023899864,0.015459667,0.02310226,0.016470691,0.020204844,0.018873258,0.019621475,0.016543759,0.020695107,0.01774185,0.015787449,0.025780704,0.022752944,0.02121084,0.024548111,0.023702098,0.013949212,0.019639893,0.020786108
17,0.026218014,0.017247954,0.019914474,0.023895465,0.022634458,0.020905018,0.023375083,0.017621698,0.020400526,0.023484178,0.021520056,0.025724415,0.021142038,0.021098176,0.025080528,0.026543066,0.018921403,0.019681454,0.024880204,0.021155516,0.023132587,0.023078406,0.02117692,0.021724187,0.021978792,0.024160387,0.028492464,0.027048055,0.021055825,0.019953644,0.026399521,0.028785609,0.021238152,0.028478306,0.02168113,0.025168091,0.023828927,0.02491447,0.021368898,0.025844159,0.023030048,0.021330997,0.030755091,0.027396208,0.026326973,0.029421484,0.028573943,0.019772738,0.024478396,0.025917849
18,0.03195379,0.024727885,0.026266005,0.030063702,0.028451908,0.026935106,0.029765502,0.02467846,0.027002953,0.029327093,0.027701138,0.03270797,0.028487107,0.026981743,0.03176523,0.032408245,0.02625383,0.026964173,0.030118408,0.027560838,0.030675128,0.028866097,0.027555676,0.027796162,0.028245322,0.0302024,0.034434095,0.03309161,0.027302453,0.026187807,0.0325487,0.034450512,0.028094161,0.034728494,0.027878959,0.031034207,0.029676097,0.031130379,0.027138574,0.031875804,0.0292849,0.027894553,0.03650312,0.032847725,0.032314595,0.035065606,0.034227796,0.026686016,0.030205982,0.031936124
19,0.038660027,0.033512052,0.033782095,0.037280727,0.03532921,0.034106158,0.037247587,0.03299513,0.034751933,0.036231194,0.034971245,0.04079599,0.037070062,0.03397959,0.03953653,0.03926603,0.03483248,0.035470378,0.036341168,0.03509286,0.039411157,0.0356868,0.035056595,0.03495224,0.035603367,0.037296884,0.041332982,0.040129535,0.03467384,0.033570997,0.039711133,0.041020546,0.036147956,0.041976634,0.035194453,0.037934896,0.036541376,0.038390685,0.03399083,0.038918078,0.03663415,0.035598565,0.04314956,0.039245103,0.039303716,0.041605946,0.040789492,0.034806035,0.036955126,0.038968153
20,0.046477757,0.04371302,0.042604137,0.045685805,0.04342,0.042567674,0.045954484,0.042699248,0.043778326,0.044349533,0.043467738,0.050111555,0.04700845,0.042244673,0.04852161,0.04726268,0.044773243,0.045316696,0.043715846,0.043886445,0.04944874,0.04368946,0.043814838,0.043337684,0.044188425,0.04558763,0.049328495,0.0483001,0.043309484,0.0422476,0.048026316,0.048640452,0.045528214,0.05035868,0.043769814,0.046015825,0.044567496,0.046830155,0.042078704,0.04711365,0.0452187,0.04457345,0.050835606,0.046743765,0.047436688,0.04918637,0.048403267,0.04426022,0.044873726,0.047156774
21,0.055564996,0.05544926,0.052884787,0.055433787,0.05289572,0.052482024,0.056032997,0.053926356,0.054224364,0.053850997,0.05334269,0.0607866,0.058424886,0.05194358,0.05885844,0.056562155,0.05620007,0.056626942,0.05243045,0.054085996,0.06090159,0.05303791,0.05398196,0.05311185,0.05414873,0.0552305,0.05857677,0.05775806,0.053363234,0.052375615,0.057650734,0.05747401,0.05637167,0.06002613,0.053760808,0.05543683,0.053914312,0.056595538,0.051572874,0.05662162,0.05519237,0.05496005,0.059718423,0.055520527,0.056873698,0.057969403,0.057232905,0.055183455,0.05412471,0.05665979
22,0.06609601,0.06884266,0.06478778,0.06669565,0.06394714,0.064024374,0.06764063,0.06682025,0.066245556,0.064920396,0.064763024,0.072963074,0.07144551,0.063259356,0.0706959,0.0673456,0.069241464,0.069530845,0.06269227,0.06585092,0.07388877,0.06391537,0.06572018,0.06445005,0.06564617,0.066396385,0.06924995,0.06867285,0.064998984,0.064125545,0.0687549,0.06770596,0.06882276,0.07114279,0.065335035,0.066370994,0.06475962,0.06784755,0.06265991,0.06761757,0.06672223,0.06691152,0.069972664,0.06576822,0.06779185,0.06813721,0.06746358,0.06771921,0.06488755,0.06765076
23,0.07826331,0.084018484,0.07848636,0.07965649,0.07677953,0.07737733,0.080947064,0.08153002,0.08000655,0.077756114,0.07790855,0.08679115,0.08620062,0.07638642,0.08419166,0.07980949,0.08403073,0.084164195,0.07472749,0.079350844,0.08853188,0.07651882,0.07920596,0.07754268,0.07885698,0.07926919,0.08153436,0.08122957,0.078393444,0.07768018,0.08152666,0.079541795,0.083030745,0.08388571,0.07867113,0.07900344,0.07729794,0.08075822,0.075543,0.080292724,0.07998734,0.080590084,0.08178925,0.077702075,0.08038222,0.07989215,0.079299964,0.082017064,0.077355556,0.080317006
24,0.09227524,0.101102196,0.0941629,0.094514914,0.091615945,0.0927332,0.096130416,0.098210454,0.09568284,0.09257053,0.09297318,0.102427535,0.10282074,0.09153089,0.09951277,0.09416577,0.100705676,0.10066761,0.0887793,0.09476532,0.10495701,0.0910611,0.09462578,0.09259293,0.09396759,0.09404426,0.09563284,0.09562613,0.09373154,0.09323137,0.09616797,0.09320714,0.09914783,0.0984439,0.09395702,0.093531,0.09174189,0.09551202,0.09043799,0.09485292,0.09517724,0.09616599,0.09537632,0.091553174,0.09485293,0.093455985,0.092968814,0.098231986,0.091737874,0.0948606
25,0.1083549,0.12021864,0.112002656,0.11148117,0.10868887,0.11028755,0.11337618,0.11701623,0.11345737,0.109584175,0.11016194,0.12003361,0.12143513,0.1089072,0.116830945,0.11063935,0.119402654,0.119182125,0.10510337,0.11228202,0.12328979,0.10776744,0.1121751,0.10981512,0.111174755,0.11092678,0.11176097,0.11207324,0.11120542,0.11097758,0.1128928,0.10894747,0.117328934,0.1150145,0.11138666,0.110158965,0.108318195,0.112301596,0.10757145,0.11151524,0.1124886,0.113816515,0.11095579,0.10756758,0.11142301,0.10906903,0.108715385,0.116519324,0.10825391,0.11149353
26,0.12673809,0.14148936,0.13219252,0.13077147,0.12823945,0.13023521,0.13287422,0.13809957,0.13351582,0.12902315,0.12968665,0.13977182,0.1421681,0.128731,0.13632126,0.1294632,0.14025787,0.13984913,0.12396073,0.13209318,0.14365292,0.12686932,0.13205335,0.12942722,0.13068186,0.13012488,0.13014208,0.13078955,0.13100874,0.13111891,0.13192277,0.12702262,0.13772394,0.13380183,0.13115543,0.1290956,0.12726547,0.13132533,0.12717722,0.13050526,0.13212124,0.13372032,0.12876098,0.12600301,0.13031931,0.12698463,0.12680091,0.13703455,0.12713206,0.13043483
27,0.14766681,0.16502686,0.1549122,0.1526031,0.15050605,0.15276569,0.15481234,0.16160527,0.15604271,0.15110874,0.15176067,0.16180174,0.16513684,0.15121515,0.15815601,0.1508707,0.16339858,0.16280234,0.1456105,0.15438934,0.1661648,0.14860056,0.15445904,0.1516478,0.15269323,0.15184855,0.15100473,0.15199685,0.15333287,0.15385047,0.15348259,0.14770131,0.16047643,0.15500885,0.15345491,0.15054905,0.1488277,0.15278372,0.1494846,0.15204963,0.15427199,0.15605505,0.14903328,0.14711897,0.15177016,0.1474653,0.14749564,0.1599246,0.14860229,0.15190426
28,0.17138256,0.19093211,0.18032938,0.17718613,0.17571509,0.17805031,0.17937082,0.18766284,0.18121338,0.1760518,0.1765925,0.18627271,0.19044393,0.17655864,0.18250115,0.17509009,0.1889434,0.18816836,0.17029703,0.17935345,0.1909341,0.17318487,0.17958152,0.17668495,0.17740509,0.1762966,0.1745737,0.1759126,0.17835863,0.17935385,0.17779073,0.17125298,0.18571588,0.17883284,0.17846434,0.17471924,0.17324556,0.17687127,0.17471252,0.1763676,0.17912678,0.18098837,0.17201288,0.17116927,0.17599759,0.17077532,0.17107189,0.18532582,0.1728899,0.17611483
29,0.1981169,0.21928787,0.20858917,0.20471185,0.20406759,0.20623867,0.20671181,0.21637985,0.20918624,0.20403849,0.20437512,0.21331887,0.21817508,0.20493487,0.20950529,0.20232962,0.21699014,0.21605578,0.19823682,0.2071507,0.21805494,0.20083018,0.20759124,0.20472527,0.20500202,0.20365281,0.20106249,0.202742,0.20624757,0.20778692,0.20504831,0.1979346,0.21355179,0.20545603,0.2063424,0.20178747,0.20074429,0.20376983,0.20305607,0.2036615,0.20685162,0.20867167,0.197932,0.19838828,0.20320547,0.19716755,0.19778928,0.21335354,0.2002041,0.20326188
30,0.22807775,0.25015432,0.23980203,0.23534094,0.23572049,0.23744299,0.2369732,0.24783161,0.24009098,0.23521826,0.23527323,0.24304964,0.24839146,0.23647954,0.23929441,0.23276599,0.24761406,0.24655059,0.22960146,0.23791915,0.24760257,0.23170881,0.2386277,0.23591961,0.23563775,0.23407057,0.2306586,0.23266158,0.23713277,0.23927005,0.2354273,0.22797513,0.24406463,0.23503391,0.23721533,0.2319082,0.23152074,0.23363632,0.23466957,0.23410143,0.23758008,0.2392303,0.22700244,0.22897664,0.23356779,0.22687022,0.2278814,0.24409603,0.2307256,0.23351209
31,0.2614322,0.283558,0.27403322,0.26918593,0.27077094,0.2717285,0.2702501,0.28205168,0.27401492,0.26968503,0.2694082,0.2755386,0.28112254,0.27127263,0.27195808,0.26652676,0.2808565,0.27970725,0.2644971,0.2717532,0.2796242,0.2659444,0.2727835,0.2703681,0.269425,0.26765835,0.2635104,0.26581004,0.27110398,0.2738726,0.2690507,0.26155558,0.27729806,0.2676832,0.27116394,0.2651931,0.26572153,0.26659247,0.26965022,0.26781002,0.27139938,0.27275056,0.2593993,0.2630788,0.26720816,0.2600673,0.2615336,0.27760386,0.26459113,0.26698565
32,0.2982893,0.31948894,0.31128803,0.30629605,0.30923292,0.30909804,0.30658674,0.31901962,0.31098962,0.30746245,0.30683926,0.31081438,0.31636083,0.30932242,0.30753922,0.3036718,0.316717,0.31553882,0.30294764,0.30869183,0.31413418,0.30359316,0.31009004,0.30810034,0.30642006,0.30446798,0.29970938,0.30226526,0.3081961,0.31159782,0.30597812,0.29878557,0.31324884,0.30346796,0.3082102,0.30169877,0.3034245,0.30270845,0.30801857,0.30484453,0.30833563,0.30926603,0.29524598,0.30076584,0.3041862,0.2968784,0.2988602,0.31387898,0.30187374,0.30374193
33,0.33867353,0.35788858,0.3514985,0.34663564,0.35101599,0.349479,0.34595916,0.35865134,0.3509744,0.34848475,0.34754544,0.34884807,0.3540521,0.35054764,0.34602085,0.34417233,0.35514423,0.35400796,0.3448743,0.34869975,0.35110533,0.3446236,0.3504996,0.3490566,0.34660298,0.34447432,0.3392718,0.3420291,0.34837317,0.35236534,0.3461824,0.33967814,0.35185638,0.34238163,0.34830236,0.34140882,0.34461367,0.34198654,0.34969884,0.34517708,0.34833917,0.34874547,0.33459184,0.3420111,0.3444767,0.33733448,0.33987802,0.3528663,0.34256366,0.34375998
34,0.38250384,0.39864042,0.3945081,0.3900688,0.39590877,0.39271075,0.38825768,0.40078625,0.39383996,0.39257744,0.39140323,0.38954112,0.39408714,0.39475894,0.3873108,0.3878919,0.39602447,0.39501348,0.39007652,0.39165112,0.39045897,0.38889638,0.39386615,0.39307162,0.38985816,0.38756037,0.38211578,0.38500598,0.39151186,0.39599878,0.38953176,0.38412258,0.3929928,0.38433284,0.3912992,0.38421708,0.38915494,0.38434255,0.39450055,0.38867456,0.3912665,0.39107415,0.37738946,0.3866666,0.38794842,0.3813505,0.3844784,0.39443868,0.38654554,0.38691998
35,0.42956844,0.44156593,0.4400632,0.4363416,0.44356498,0.43853217,0.43327695,0.445181,0.43935436,0.43944728,0.4381693,0.432714,0.43629664,0.44165108,0.4312302,0.43456817,0.4391744,0.43838283,0.43822327,0.43731505,0.43205804,0.43614745,0.43993387,0.43985888,0.43595853,0.4334983,0.42804354,0.4309823,0.43738788,0.4422113,0.43577164,0.43186253,0.43645588,0.42912918,0.43695867,0.42991343,0.4367769,0.4295911,0.44210374,0.43508348,0.43686968,0.43604395,0.4234731,0.43444645,0.4343495,0.42870492,0.4324048,0.4383912,0.43358016,0.43298683
36,0.47950587,0.48641136,0.48780343,0.4850688,0.49349687,0.4865756,0.48069897,0.49150172,0.48717156,0.4886705,0.48746443,0.47809666,0.48044142,0.4907896,0.47750115,0.48380333,0.48433053,0.48385957,0.48884273,0.4853423,0.47569653,0.485976,0.4883229,0.4890004,0.48455122,0.48193964,0.47672364,0.47961316,0.48566177,0.49060136,0.4845133,0.48247594,0.48195925,0.47646293,0.48492682,0.4781672,0.4870524,0.47742707,0.49205133,0.48401603,0.48478603,0.48333827,0.47253573,0.48491195,0.48329374,0.47901607,0.48322964,0.48442888,0.48328513,0.48159766
37,0.5317888,0.53284353,0.53725547,0.53573257,0.5450776,0.5363605,0.5300882,0.5393221,0.53682315,0.5396911,0.5387651,0.5253221,0.5262093,0.54161423,0.52573675,0.5350527,0.5311452,0.5310958,0.5413253,0.53525877,0.52109295,0.53783405,0.5385269,0.53994566,0.53514796,0.5324048,0.5276769,0.5304092,0.5358685,0.5406498,0.5352262,0.53536636,0.5291292,0.525902,0.5347324,0.5285184,0.5393948,0.5274149,0.543749,0.534945,0.53453267,0.53252524,0.52411145,0.5374657,0.53425395,0.53172994,0.53634727,0.5321627,0.5351274,0.5322523
38,0.585719,0.580448,0.5878398,0.58768046,0.5975609,0.5872985,0.5808865,0.5881258,0.5877204,0.59182805,0.5914029,0.57392204,0.57320756,0.59344727,0.575437,0.5876343,0.57918006,0.57964635,0.5949317,0.58646476,0.5678836,0.591031,0.58991486,0.59201795,0.5871241,0.58428204,0.5802724,0.5827346,0.5874159,0.59172624,0.58724385,0.5897667,0.57750285,0.57688594,0.5857871,0.58037406,0.59305876,0.57898194,0.59647506,0.5872056,0.58550864,0.58305365,0.57756656,0.5913573,0.5865663,0.58611816,0.5909758,0.5811083,0.5884191,0.5843161
39,0.64043736,0.6287217,0.63887566,0.640142,0.6501024,0.6386992,0.6324186,0.6373153,0.6391604,0.6442918,0.644576,0.6233288,0.62096435,0.64551044,0.62598926,0.64073884,0.6279081,0.62896574,0.6488129,0.63824385,0.615617,0.64474326,0.6417437,0.6444307,0.6397244,0.63683194,0.63373196,0.635815,0.6395856,0.6431042,0.6397771,0.6447549,0.6265295,0.6287282,0.63739216,0.6330098,0.6471615,0.63141847,0.64940065,0.64000875,0.63700604,0.6342589,0.6320956,0.64570355,0.6394408,0.6412883,0.646177,0.63068587,0.64233,0.6370262
40,0.69494486,0.67707944,0.6895982,0.6922486,0.7017983,0.68978494,0.68390274,0.6862222,0.6903415,0.6962068,0.6973705,0.67288387,0.66892797,0.69695383,0.67667377,0.69345635,0.67671686,0.67841125,0.7020344,0.6897778,0.6637513,0.6980389,0.69317865,0.6963126,0.692083,0.6892045,0.6871457,0.68875504,0.69154745,0.6939828,0.6919401,0.6992894,0.6755785,0.68062824,0.6887535,0.68558264,0.70071113,0.68389004,0.7016202,0.69246423,0.6882265,0.6853727,0.68673855,0.6995142,0.69198424,0.696207,0.70088726,0.68022865,0.6959095,0.689512
41,0.74813724,0.72485757,0.73917824,0.7430645,0.75172275,0.7397132,0.73446864,0.7341257,0.74038893,0.74664754,0.74879366,0.72184503,0.7164703,0.7468846,0.7266781,0.7448071,0.72491294,0.7272502,0.7536085,0.74017316,0.7116579,0.7499066,0.7433226,0.7467418,0.74324924,0.74046236,0.7394998,0.7405669,0.74238175,0.7435111,0.7427822,0.75224966,0.72394806,0.73168933,0.7390026,0.73715323,0.7526514,0.7354583,0.75218475,0.7436112,0.7383042,0.73554033,0.74040455,0.75173503,0.74323344,0.749742,0.7539682,0.7289933,0.74811864,0.74082285
42,0.7988554,0.7713246,0.7867487,0.79162276,0.7989709,0.7875991,0.78318423,0.7802702,0.788384,0.79467183,0.7978144,0.76940733,0.7628963,0.794404,0.7751183,0.7937855,0.7717391,0.774672,0.8025319,0.7884921,0.7586251,0.79929674,0.7912495,0.794779,0.792222,0.789613,0.78971547,0.7902088,0.79111075,0.79082155,0.791328,0.8024927,0.77088064,0.78094584,0.7872247,0.78671587,0.8019108,0.7851093,0.8001444,0.7924579,0.7863364,0.7838501,0.7919145,0.80129176,0.7921914,0.80070925,0.8042606,0.77618027,0.79787683,0.7899617
43,0.84594065,0.8156934,0.831433,0.8369629,0.842695,0.83254606,0.82908744,0.8238888,0.83339864,0.8393622,0.8434081,0.8147234,0.80745214,0.8386425,0.82106364,0.83939844,0.8163877,0.81980944,0.8478225,0.83378834,0.80386686,0.8451671,0.836042,0.83950806,0.83799356,0.8356464,0.8366943,0.8366296,0.8367382,0.8350577,0.8366191,0.8489073,0.8155793,0.827398,0.8324898,0.83323705,0.8474531,0.8317931,0.8445846,0.83802044,0.8314156,0.82936096,0.84005344,0.8471395,0.8378694,0.8479328,0.85064477,0.8209504,0.84410965,0.8359254
44,0.8882909,0.857142,0.8723731,0.87817186,0.8821341,0.8736742,0.87121934,0.86422133,0.874531,0.8798587,0.88460124,0.8569235,0.84934306,0.87878704,0.86356854,0.8807093,0.8580211,0.8617632,0.8885552,0.87514216,0.8465402,0.88652617,0.87682426,0.88006616,0.8795884,0.877576,0.87936765,0.87881255,0.87829083,0.8754034,0.8777506,0.89046884,0.85722595,0.8700478,0.8738871,0.8756963,0.8883245,0.8744702,0.8846595,0.87936395,0.87265915,0.8711379,0.883631,0.88830924,0.8793244,0.89030164,0.89209425,0.862453,0.8857981,0.87774426
45,0.92491734,0.8948349,0.90875757,0.9144096,0.91663337,0.91015154,0.90865904,0.90053546,0.910938,0.9153912,0.9205143,0.8951464,0.8877487,0.91410744,0.90170676,0.9168698,0.89579463,0.89962786,0.9238963,0.9116968,0.8857626,0.9224757,0.9127944,0.9156739,0.9161057,0.9144796,0.9167484,0.9158199,0.91486156,0.9111051,0.91390586,0.92628217,0.8950037,0.90794075,0.91055775,0.9131333,0.9236954,0.91215307,0.9196207,0.9156374,0.90924037,0.90828663,0.9215444,0.92394507,0.91569614,0.9268244,0.9277194,0.89984864,0.9220249,0.9145202
46,0.95498717,0.9279457,0.9398464,0.9449471,0.9456537,0.9412191,0.9405587,0.9321424,0.9418671,0.9453003,0.95039165,0.9285597,0.92184746,0.9439708,0.93460584,0.9471541,0.9288838,0.9325306,0.9531331,0.94268596,0.9206383,0.95224774,0.9432476,0.9456546,0.94675404,0.9455365,0.94797117,0.94683117,0.94564724,0.9414937,0.944381,0.9556153,0.9281175,0.9402004,0.9417248,0.94468504,0.95288485,0.94395435,0.94883466,0.94610286,0.94041395,0.93998694,0.95283604,0.95333534,0.9462375,0.9566751,0.95680416,0.9323373,0.9520107,0.9454614
47,0.97785676,0.9556872,0.9649918,0.9691748,0.9687691,0.96621495,0.96617544,0.9584105,0.96667755,0.9690525,0.9736305,0.95638984,0.9508351,0.9678516,0.9614791,0.9709714,0.95650554,0.95966136,0.9756913,0.96745735,0.95028573,0.97523075,0.9675936,0.9694493,0.97087914,0.9700589,0.97233033,0.9711728,0.96997994,0.96599275,0.9685984,0.9779195,0.95581454,0.9660673,0.9667198,0.9696223,0.975376,0.9691239,0.9717922,0.9701552,0.96553713,0.9655215,0.97674125,0.9759302,0.9703315,0.9792239,0.9788175,0.95918405,0.9751412,0.96990645
48,0.9930932,0.9773392,0.9836541,0.9866216,0.98566365,0.98459303,0.9848966,0.97877985,0.9848588,0.9862456,0.98979276,0.977944,0.9739579,0.98533446,0.9816582,0.9878837,0.9779513,0.9803093,0.991158,0.98549205,0.9738723,0.99098873,0.9853682,0.9866219,0.9879849,0.98751765,0.9893041,0.98833644,0.98734856,0.984132,0.98611933,0.99283653,0.97740835,0.98492473,0.98500216,0.98737925,0.990822,0.9870813,0.98811686,0.9873355,0.9840845,0.9843011,0.9927228,0.9913505,0.9875092,0.99405533,0.9934245,0.9797434,0.99098283,0.98734677
49,1.0004776,0.9922771,0.99541754,0.99695814,0.99611795,0.99594426,0.996266,0.9927722,0.9960411,0.99661,0.9986135,0.99263406,0.99053717,0.9961152,0.9946186,0.9976046,0.99261063,0.9938953,0.99928665,0.9964151,0.9906521,0.9992683,0.99623764,0.9968653,0.9977435,0.99755627,0.9985685,0.99799436,0.99741143,0.9955496,0.9966412,1.000195,0.9922996,0.99632376,0.9961767,0.9975698,0.9990396,0.99743587,0.9975598,0.99733585,0.9956582,0.9958866,1.0004901,0.99938846,0.9974532,1.0009744,1.0004759,0.9934827,0.99928975,0.99743676
50,1.0,1.0,1.0,1.0,1.0,1.0,1.0,1.0,1.0,1.0,1.0,1.0,1.0,1.0,1.0,1.0,1.0,1.0,1.0,1.0,1.0,1.0,0.9999999,1.0,1.0,1.0,0.9999997,1.0,1.0,1.0,1.0,1.0,1.0,1.0,1.0,1.0,1.0,1.0,1.0,1.0,1.0,1.0,1.0,1.0,1.0,1.0,0.9999999,1.0,1.0,1.0
51,0.9918475,1.0001589,0.99725986,0.9957081,0.9972565,0.99664974,0.9960004,1.0001826,0.9966602,0.9963913,0.99402595,0.9997298,1.0019097,0.9969035,0.9976218,0.995084,0.9997869,0.99838525,0.9933893,0.996174,1.0014544,0.99329185,0.9965851,0.9959749,0.9947716,0.99485856,0.993671,0.99438864,0.99511755,0.997355,0.99616134,0.9924196,1.0001564,0.99588,0.996388,0.9946684,0.9938161,0.9947869,0.9954403,0.99532187,0.99699324,0.9965372,0.99144804,0.9932973,0.9951405,0.99134684,0.9921822,0.99904394,0.9932266,0.9950309
52,0.9763823,0.99257964,0.987206,0.9841863,0.98790866,0.9859387,0.9843606,0.99315727,0.98609143,0.9858724,0.98092115,0.99168086,0.9959947,0.98685205,0.98749304,0.9830113,0.99181426,0.98900926,0.9797065,0.9850188,0.99474895,0.97941506,0.9860548,0.98486936,0.98224056,0.9823175,0.97983825,0.9813676,0.98293024,0.9876118,0.98522115,0.97776747,0.99257356,0.9840847,0.9854162,0.98176336,0.98073095,0.98200697,0.9840009,0.98343945,0.98666954,0.9855679,0.9752433,0.97953355,0.9830137,0.9754062,0.9773487,0.9905277,0.97924596,0.9826897
53,0.9541176,0.97728235,0.9700005,0.9656794,0.9720528,0.96807545,0.96536905,0.97889405,0.9685096,0.9686395,0.961058,0.9758943,0.98217374,0.96998554,0.9698139,0.9640713,0.97611797,0.97203296,0.95934796,0.96676964,0.97984344,0.95878935,0.96860063,0.9668912,0.96274436,0.9627296,0.95892394,0.96130687,0.9637583,0.9708985,0.9673996,0.9564833,0.9772391,0.9649245,0.9673188,0.9616503,0.9611031,0.9620475,0.9659196,0.9646308,0.96920973,0.96733797,0.95197713,0.95909333,0.96390694,0.95271754,0.9559493,0.97453773,0.9584797,0.96329534
54,0.92569137,0.9544917,0.9459606,0.94056976,0.9498691,0.94342685,0.9394959,0.95751333,0.944268,0.94499326,0.93493754,0.95260924,0.9605781,0.94656515,0.9449717,0.93867916,0.95293784,0.94781375,0.93284035,0.94180924,0.9569427,0.93196225,0.9445434,0.9423789,0.9367605,0.9365949,0.9314964,0.9347225,0.93806016,0.94747883,0.9430398,0.9291175,0.9543411,0.93888575,0.94248044,0.93485683,0.9353966,0.93545383,0.94154805,0.9393049,0.94494474,0.9422597,0.9223881,0.93247557,0.9382454,0.9239426,0.928537,0.9513417,0.93147856,0.9373154
55,0.89183986,0.9246418,0.9155581,0.9093732,0.9216292,0.9125127,0.90737915,0.9292987,0.9138523,0.91534,0.90316916,0.9222672,0.93156195,0.9169754,0.91352916,0.9073685,0.92272514,0.9168974,0.90081763,0.91066164,0.9265038,0.89958763,0.9143313,0.91180134,0.9048936,0.9045475,0.89824545,0.9022604,0.90642184,0.91775686,0.912604,0.8963133,0.9242811,0.90661424,0.9114326,0.9020521,0.9041701,0.90290534,0.91134864,0.90799606,0.91435516,0.91090286,0.8873212,0.90028197,0.9065864,0.8898345,0.89575315,0.9213864,0.8989,0.90535057
56,0.8533664,0.8883651,0.8794101,0.87272644,0.88771296,0.8759892,0.8697988,0.8947049,0.87787074,0.8801891,0.86645335,0.8855069,0.89570177,0.88172925,0.87620497,0.8707794,0.88612837,0.879991,0.8639978,0.87398183,0.88922566,0.8624013,0.8785357,0.87574905,0.86784965,0.8673245,0.8599576,0.86467135,0.86953366,0.8822764,0.8766689,0.85878724,0.8876732,0.8688871,0.87483406,0.8640206,0.8680613,0.8651826,0.875885,0.87135077,0.8780579,0.87397075,0.8476878,0.8632007,0.8696062,0.85120827,0.85830635,0.88528967,0.86148614,0.86811614
57,0.811118,0.8464742,0.8382646,0.83137697,0.84861654,0.834635,0.8276407,0.8543598,0.8370403,0.84015334,0.8255567,0.8431473,0.853784,0.8414633,0.83384776,0.8296447,0.84397745,0.8379401,0.82315916,0.8325347,0.8460225,0.82119733,0.8378405,0.83492666,0.8264177,0.825743,0.8174868,0.82278687,0.82817346,0.84171295,0.8359174,0.81730986,0.8453343,0.82658446,0.8334557,0.82163215,0.8277724,0.8231423,0.83581805,0.83011305,0.8367973,0.8322816,0.80442965,0.82198715,0.8280811,0.80891544,0.8169578,0.8438234,0.8200403,0.8264174
58,0.76595515,0.7999291,0.79297745,0.7861598,0.8049593,0.7893196,0.78185844,0.80905455,0.79216814,0.7959414,0.78129137,0.79616,0.8067772,0.7969285,0.78740156,0.784771,0.7972463,0.79168975,0.77911186,0.7871754,0.7979801,0.77680105,0.7930303,0.7901337,0.7814425,0.7806712,0.77172774,0.77749026,0.78318167,0.79686004,0.7911267,0.7726856,0.7982499,0.7806529,0.7881551,0.7758118,0.7840543,0.77768296,0.7918872,0.78510433,0.7914194,0.7867326,0.758483,0.7774452,0.782864,0.763814,0.77249616,0.7978858,0.7754008,0.78112465
59,0.7187271,0.74979126,0.74448186,0.7379698,0.75748265,0.7409739,0.7334303,0.75971985,0.7441278,0.74834853,0.7344869,0.7456255,0.75578547,0.7489717,0.7378695,0.7370166,0.7470113,0.74224854,0.73267573,0.73881644,0.7462978,0.7300454,0.74496627,0.7422412,0.7337976,0.7329985,0.7235851,0.7296862,0.73543596,0.74860364,0.7431461,0.725732,0.74753255,0.73206705,0.7398478,0.7275034,0.7376842,0.729717,0.74489504,0.7371985,0.7428469,0.738271,0.71074843,0.7304043,0.7348584,0.71674675,0.7257226,0.74846894,0.7284149,0.7331432
60,0.67024976,0.6971773,0.69375086,0.68773204,0.707035,0.69055295,0.6833185,0.70739126,0.69383043,0.69823605,0.68596756,0.69268215,0.7019969,0.6985077,0.6862726,0.68726456,0.69439566,0.6906452,0.68465203,0.68839717,0.69222325,0.6817452,0.6945608,0.6921592,0.68435717,0.68360585,0.6739481,0.68026996,0.6858207,0.69789207,0.6928736,0.6772547,0.6943618,0.68179315,0.6894741,0.67763585,0.6894455,0.6801402,0.695681,0.6872931,0.6920417,0.68785244,0.6620682,0.68169427,0.6849838,0.66851664,0.67742664,0.6966127,0.67991316,0.68337816
61,0.6212867,0.6432029,0.6417591,0.63636833,0.6545469,0.6390025,0.63243234,0.6531631,0.6421945,0.64650524,0.6365287,0.6384723,0.6466219,0.6464845,0.6336104,0.6363934,0.64051735,0.63789093,0.6358065,0.6368473,0.63698643,0.63267523,0.64274406,0.6408066,0.633969,0.6333381,0.6236613,0.630097,0.63520205,0.6456953,0.64122415,0.6280295,0.63992196,0.6307522,0.6379649,0.6270945,0.6401083,0.6298053,0.64509606,0.6362798,0.63996994,0.6364105,0.61320573,0.6321216,0.63414216,0.6198705,0.628366,0.64336526,0.6306862,0.63271004
62,0.5725297,0.5889318,0.5894419,0.5847578,0.6009911,0.5872169,0.5815981,0.5981349,0.5901118,0.59406376,0.5869136,0.5840858,0.5908323,0.5938432,0.5808238,0.58524704,0.58643466,0.5849394,0.5868474,0.5850517,0.58173716,0.58355266,0.59042794,0.5890701,0.58342665,0.58298105,0.5735035,0.5799587,0.584397,0.5929669,0.58909523,0.5787797,0.5853384,0.5797923,0.58620614,0.5766888,0.5904054,0.5794985,0.59397197,0.585011,0.58756053,0.5848203,0.56483394,0.5824442,0.5831844,0.57148224,0.57925004,0.58973366,0.58146363,0.58196014
63,0.52458966,0.535334,0.53765917,0.53371084,0.5473388,0.5360153,0.53154206,0.54335797,0.5384165,0.5417906,0.5377984,0.5305118,0.535705,0.54147863,0.52876407,0.5346079,0.5331036,0.5326579,0.53841144,0.5338228,0.52749616,0.53502053,0.53847253,0.5377751,0.53345466,0.53324264,0.52416986,0.53056073,0.53415203,0.54060286,0.5373344,0.5301603,0.53162444,0.5296611,0.5350108,0.52713645,0.54101694,0.5299223,0.54309434,0.53427327,0.53567505,0.5338733,0.5175275,0.53335345,0.5328828,0.52394426,0.5307199,0.53664565,0.5328961,0.53186905
64,0.47798878,0.4832497,0.48716706,0.48394072,0.49451315,0.48611203,0.4828739,0.48978722,0.48785824,0.49049917,0.48977554,0.47860238,0.4821808,0.49020445,0.47816998,0.4851709,0.48134577,0.48180133,0.49105626,0.48387352,0.47512078,0.48763773,0.48765337,0.4876564,0.48468688,0.48473772,0.4762572,0.48250845,0.48512304,0.4894074,0.48670927,0.48274457,0.47964254,0.4809951,0.48509258,0.47904542,0.4925531,0.48168102,0.49317577,0.4847633,0.48507372,0.48425594,0.47176138,0.4854547,0.4839079,0.47775877,0.48334157,0.48491922,0.48554736,0.483082
65,0.43315688,0.43336862,0.43859768,0.43604782,0.44334376,0.43810368,0.4360892,0.43824434,0.4390824,0.44090757,0.44334882,0.42904922,0.4310331,0.44072258,0.4296533,0.43753013,0.43182772,0.43299657,0.44525075,0.435803,0.42528957,0.441872,0.43863955,0.43933973,0.43765762,0.4379791,0.43025786,0.4363006,0.43786395,0.44006857,0.43788177,0.4370161,0.43007883,0.43430787,0.43705115,0.4329098,0.44554502,0.4352756,0.44483745,0.4370708,0.43639925,0.43653795,0.42791262,0.43925953,0.43681708,0.43333915,0.43759358,0.43523753,0.4398845,0.43613335
66,0.39043245,0.38622195,0.39244998,0.39050996,0.39453202,0.39246133,0.39156896,0.38939026,0.3926132,0.3936121,0.39892587,0.38237333,0.38285416,0.39360595,0.38369334,0.3921636,0.3850553,0.38673708,0.4013758,0.39008796,0.3784981,0.39810133,0.39197606,0.39332747,0.39279854,0.3933783,0.38655764,0.3923257,0.39281887,0.39314047,0.39139405,0.39336452,0.38344058,0.38999367,0.39136353,0.38910836,0.40043643,0.39109883,0.39859444,0.39166936,0.3901636,0.3911682,0.3862657,0.39517713,0.39204553,0.39100802,0.3938668,0.3881392,0.3962798,0.39144608
67,0.35006732,0.34218502,0.3490897,0.34768125,0.34863007,0.3495306,0.3495904,0.34371808,0.34885335,0.3490796,0.35682222,0.33893222,0.33805716,0.34929013,0.34063923,0.3494352,0.34138218,0.34338412,0.35972616,0.34708366,0.33507115,0.3566135,0.34807765,0.34999827,0.35043916,0.35124615,0.3454399,0.35086825,0.35032406,0.34903893,0.34765944,0.35208827,0.3400632,0.34833276,0.34838185,0.34791142,0.35758308,0.34944266,0.35485134,0.34891596,0.3467462,0.34847596,0.34702155,0.35351697,0.34991035,0.35100555,0.35246202,0.34401917,0.35501242,0.34933388
68,0.31223205,0.30148825,0.30875468,0.3077994,0.3060306,0.30953926,0.31033698,0.30155092,0.30808264,0.30763867,0.31726485,0.2989301,0.29688704,0.30807406,0.30071723,0.30959323,0.3010187,0.3031716,0.32051447,0.30702898,0.29517987,0.31761292,0.3072313,0.3096108,0.31080723,0.31179726,0.30709037,0.31211564,0.31061062,0.30804506,0.30696526,0.3133949,0.30012682,0.30950072,0.30834273,0.30949023,0.31725198,0.31050268,0.31390035,0.30905303,0.30639955,0.3086804,0.31030536,0.3144947,0.31061932,0.31349182,0.3135947,0.30313256,0.3162751,0.31000713
69,0.27702716,0.26423666,0.2715716,0.27099574,0.26697153,0.27261227,0.27391052,0.2630613,0.27046895,0.26948833,0.2803978,0.2624406,0.25944287,0.2701306,0.26404536,0.2727833,0.26405445,0.26622218,0.28387898,0.27005762,0.25886998,0.2812285,0.26960453,0.27231377,0.27404502,0.275162,0.27161002,0.27616945,0.27381688,0.27031526,0.26947942,0.2774146,0.26368582,0.27358335,0.27137613,0.27392918,0.27962884,0.27438942,0.27592832,0.2722201,0.26926026,0.27190042,0.27617902,0.27823597,0.2742817,0.27856115,0.27740404,0.2656129,0.28018346,0.27358502
70,0.24448976,0.23042867,0.23756927,0.23731086,0.23155099,0.23878235,0.24034563,0.2282871,0.23607787,0.2347113,0.24629532,0.22943075,0.22570099,0.23552196,0.23064685,0.23905909,0.23047903,0.23256312,0.24989282,0.2362141,0.22608323,0.24752301,0.23525913,0.23816021,0.24021374,0.24139717,0.23902513,0.24305895,0.2399977,0.23589844,0.23526509,0.2442033,0.2306891,0.24059126,0.23752186,0.24124078,0.24482241,0.24114026,0.24102893,0.2384672,0.23536634,0.23817167,0.24464962,0.24479447,0.24092363,0.24624647,0.24395832,0.231486,0.24678719,0.24010813
71,0.21460643,0.1999803,0.2067006,0.20671068,0.19974811,0.20801003,0.20962165,0.19715816,0.20489188,0.20329005,0.21496914,0.19978496,0.19554326,0.20421779,0.20046972,0.20839746,0.20020486,0.20214058,0.21857373,0.20546797,0.19668673,0.21650377,0.20416953,0.20712525,0.20930836,0.21049568,0.20930205,0.21275432,0.2091395,0.20475481,0.20429772,0.213759,0.20101315,0.21047647,0.20674485,0.21137889,0.21287578,0.2107323,0.20921293,0.20776911,0.20467363,0.20745984,0.21568087,0.21415755,0.21050514,0.21653375,0.21326672,0.20069441,0.21608041,0.20955151
72,0.18732072,0.1727443,0.1788581,0.17910102,0.17144696,0.18019798,0.18167362,0.16952151,0.1768252,0.17512868,0.18638054,0.17332843,0.16878138,0.17611574,0.17340153,0.18071298,0.17308666,0.17484058,0.18989173,0.17772955,0.17049095,0.18813102,0.17624032,0.17912035,0.18127033,0.18240091,0.18235733,0.18517879,0.18117239,0.17677483,0.17648093,0.18602958,0.17448,0.18314312,0.17895146,0.18425353,0.1837746,0.18309392,0.18042666,0.18003985,0.17707402,0.17967631,0.1892023,0.18626228,0.18293394,0.1893666,0.18528877,0.17311415,0.18801148,0.18183964
73,0.1625444,0.14853178,0.15389165,0.15434584,0.14646192,0.15520948,0.15640265,0.14516518,0.15174022,0.15007181,0.1604516,0.14984755,0.14518282,0.15105961,0.14928526,0.1558759,0.14893937,0.15050338,0.16378193,0.15286535,0.14727549,0.16233037,0.1513225,0.15401118,0.15599607,0.15701671,0.15807158,0.16022108,0.15598565,0.15179893,0.15166716,0.16092409,0.15087828,0.15846506,0.15400599,0.15974134,0.15745996,0.15811774,0.15456395,0.15515056,0.15241238,0.15469271,0.16511641,0.16100909,0.15808164,0.16465914,0.15994532,0.14857356,0.1624968,0.15685807
74,0.1401644,0.12712596,0.13162376,0.13227785,0.12456013,0.13287616,0.13368624,0.123840444,0.1294629,0.12792242,0.13707381,0.12910728,0.12448577,0.12885739,0.1279341,0.1337216,0.12755458,0.1289379,0.14014931,0.13071083,0.12679903,0.13900018,0.12923203,0.13162999,0.13335416,0.13421871,0.13629913,0.1377468,0.13343714,0.12963316,0.12967104,0.13832366,0.12997954,0.13629137,0.13174184,0.13769618,0.13383266,0.1356688,0.1314796,0.13293982,0.13050283,0.13235222,0.14330773,0.13826793,0.13579285,0.1423028,0.13712639,0.12686938,0.13942537,0.13446411
75,0.12005001,0.10829656,0.11185997,0.11271099,0.10548178,0.11301645,0.11338254,0.10527673,0.1097956,0.10845985,0.11611671,0.11086235,0.10641895,0.10929478,0.1091409,0.114066385,0.10871052,0.109934404,0.11887832,0.11108195,0.108814,0.118017495,0.10976153,0.11178986,0.11318948,0.113861114,0.11687743,0.11760373,0.11336347,0.11006399,0.1102844,0.11808751,0.111548774,0.11645896,0.11197565,0.117959335,0.11276779,0.11559582,0.111003295,0.11322712,0.11114011,0.1124799,0.12364802,0.11789091,0.11589815,0.122171424,0.1166998,0.10778096,0.11867017,0.114498
76,0.102061816,0.09180909,0.09439937,0.095449336,0.08895562,0.0954377,0.09534053,0.089199655,0.092527814,0.09145041,0.0974359,0.094870776,0.090710424,0.092147574,0.09269045,0.096714705,0.09218333,0.093274124,0.099840336,0.09378352,0.09307566,0.09924799,0.092692696,0.09429255,0.09533244,0.09578577,0.099634536,0.09963386,0.09559041,0.09286942,0.093287684,0.100063324,0.095354706,0.09879894,0.09451393,0.100366145,0.094118334,0.09773793,0.09294947,0.09582002,0.094109975,0.09489125,0.10600117,0.09972036,0.098220505,0.10413001,0.09851975,0.0910796,0.10009195,0.096788876
77,0.086052656,0.0774342,0.07904227,0.080295816,0.0747116,0.0799491,0.079402305,0.07533826,0.07744623,0.076659225,0.08087889,0.08089754,0.07709918,0.077191554,0.078364514,0.08146895,0.0777526,0.07873868,0.08289809,0.07861826,0.07934928,0.0825509,0.077805385,0.07893823,0.07960882,0.07982828,0.084395505,0.08367535,0.07993795,0.07782821,0.078460366,0.084092155,0.08117352,0.08314175,0.0791629,0.084749095,0.07772571,0.081928484,0.07712457,0.08052425,0.079198554,0.07940173,0.09022792,0.08359378,0.0825822,0.08803778,0.08243052,0.07653871,0.0835476,0.08116248
78,0.0718752,0.06495204,0.06559512,0.067056455,0.062489565,0.06636258,0.06540832,0.06343493,0.06434064,0.06385798,0.06629039,0.06872107,0.065338545,0.06420727,0.06595101,0.06813281,0.065206654,0.066114284,0.06790842,0.06539108,0.06741187,0.06778048,0.06488292,0.065529175,0.065842204,0.06582338,0.07098713,0.069568515,0.066226706,0.0647259,0.06558524,0.070013136,0.06879357,0.06932067,0.06573165,0.07094506,0.06342235,0.0680034,0.06333457,0.0671479,0.0661985,0.06582708,0.07618938,0.06934857,0.06880945,0.07375207,0.06827453,0.06393757,0.068891406,0.06744548
79,0.05938262,0.054155294,0.05387345,0.055543322,0.052043732,0.054499697,0.053201262,0.05324733,0.05300817,0.05282775,0.053515214,0.058136065,0.055200234,0.05298677,0.055244632,0.05651853,0.054344747,0.055196777,0.05473077,0.053913362,0.057056937,0.054793,0.053719334,0.0538764,0.05385799,0.053606033,0.059240725,0.057157822,0.054282367,0.053359378,0.0544549,0.057666875,0.05801917,0.057175778,0.054037698,0.058796413,0.05103871,0.055801455,0.051391013,0.055506483,0.054911416,0.053990625,0.06374956,0.056827925,0.05673489,0.06113275,0.055893578,0.05306719,0.055980492,0.055468153
80,0.048434485,0.044851944,0.043704886,0.045580562,0.043150015,0.044190988,0.042627286,0.04455484,0.04325844,0.043367203,0.042403687,0.04895505,0.046476856,0.043335523,0.046052303,0.04644859,0.04498208,0.04579439,0.043224312,0.044006675,0.048096083,0.043449186,0.044120256,0.043801155,0.04349091,0.043017894,0.04899562,0.046296123,0.043936707,0.043540128,0.044875745,0.046900734,0.048668277,0.046556294,0.04390811,0.048154242,0.040406007,0.045169245,0.041111868,0.04542488,0.045151643,0.043724533,0.052775882,0.045880135,0.046200007,0.050043058,0.045133684,0.043732673,0.044676628,0.045069255
81,0.038894728,0.036866803,0.034930054,0.03700233,0.035602875,0.03528008,0.03353705,0.03715667,0.0349133,0.03528906,0.032810014,0.04100703,0.038983252,0.035073873,0.038193557,0.03775752,0.03694532,0.03773019,0.033254415,0.035503276,0.040357407,0.033612277,0.03590558,0.035137124,0.03458038,0.03390727,0.04010147,0.036843173,0.03503247,0.03509442,0.036667317,0.037567344,0.040575866,0.037320014,0.035182588,0.038876966,0.031360123,0.035960507,0.03232669,0.036738828,0.03674933,0.034873,0.043142628,0.036363356,0.037057467,0.04035144,0.03584594,0.035753686,0.034846466,0.0360955
82,0.030634774,0.03004002,0.027403072,0.029656356,0.029218463,0.027623553,0.025790166,0.030873535,0.027809924,0.028422745,0.02459787,0.034139592,0.032552943,0.028038286,0.03150259,0.030292658,0.030078905,0.03084075,0.02469175,0.028248172,0.033686254,0.025154568,0.028910715,0.027730528,0.026977034,0.026130697,0.032417282,0.02867,0.027420249,0.027865823,0.029665133,0.02952838,0.033592314,0.029335367,0.027711894,0.030835204,0.023741415,0.02803828,0.024876596,0.029296448,0.029548293,0.027289111,0.034729585,0.028143922,0.029169446,0.03193375,0.027889445,0.028965566,0.026364665,0.028402578
83,0.023534084,0.024228465,0.020990724,0.023402255,0.02383493,0.021090018,0.019252744,0.025546918,0.02180063,0.022617174,0.017637817,0.028215956,0.027039709,0.02208115,0.025827877,0.023915349,0.024239836,0.02497983,0.017413074,0.022099067,0.027945098,0.01795383,0.02298662,0.02144085,0.020542499,0.019554114,0.025813008,0.021655368,0.020963611,0.02171274,0.023721049,0.022655915,0.027582018,0.022480667,0.021361342,0.023908112,0.017399723,0.02127648,0.018614486,0.022960467,0.023407336,0.020839762,0.027425028,0.021100124,0.022410909,0.024673099,0.021130878,0.02322043,0.019113233,0.021858815
84,0.017480943,0.01930441,0.0155736925,0.018113345,0.019308647,0.015560616,0.013800492,0.021036923,0.01675133,0.017736003,0.011810106,0.023115532,0.022316752,0.017069906,0.021032685,0.018498829,0.019300625,0.020014435,0.011304248,0.016926678,0.023011941,0.011897797,0.017998543,0.016141893,0.015148884,0.014051293,0.02016939,0.015688824,0.015536863,0.016509615,0.018700702,0.016829416,0.022424957,0.016644122,0.016006406,0.017985169,0.012192148,0.015557473,0.01340622,0.017603118,0.018200295,0.015403244,0.021123827,0.015118345,0.016666697,0.018460006,0.01544688,0.018384403,0.012983015,0.01633995
85,0.012370935,0.0151536185,0.011043929,0.0136741595,0.015514184,0.010928003,0.0093173785,0.017222399,0.012543286,0.013657292,0.00700401,0.018731752,0.018272178,0.012886036,0.016993316,0.013930659,0.0151461605,0.015826277,0.0062577827,0.012613501,0.018778035,0.0068798754,0.013827002,0.01171836,0.010678958,0.0095085045,0.015377802,0.010668933,0.011025044,0.012145138,0.01448571,0.011939312,0.018012265,0.011724068,0.011536546,0.012965452,0.007987157,0.010774711,0.00913042,0.01311125,0.013813903,0.010868663,0.015729254,0.010095347,0.011831601,0.013192876,0.0107217785,0.014338712,0.0078716865,0.011734748
86,0.008110153,0.011675796,0.007304281,0.009981721,0.012343109,0.0070962277,0.005694193,0.013997171,0.009069755,0.010274627,0.0031172538,0.014969904,0.014810134,0.009425715,0.013600602,0.010109326,0.011673929,0.012310402,0.0021739455,0.00905459,0.015149243,0.0028032204,0.0103648035,0.008068544,0.0070262835,0.0058195014,0.011341071,0.0065039205,0.007323773,0.008521122,0.010970215,0.00788501,0.014249049,0.007628612,0.0078506125,0.008757619,0.004661527,0.006829602,0.005677181,0.009381488,0.010148304,0.0071368176,0.011151176,0.0059376513,0.007810892,0.008778698,0.006851421,0.010977643,0.0036859084,0.007939785
87,0.0046099364,0.008781659,0.0042683296,0.006943545,0.009701221,0.003980591,0.0028333706,0.011270406,0.0062365322,0.007495463,5.6452325e-05,0.011748017,0.011848038,0.006595788,0.0107572535,0.006945526,0.008793649,0.009373957,-0.0010390009,0.006155935,0.012041765,-0.00042173424,0.0075181057,0.0051010707,0.004094424,0.002887252,0.007968832,0.0031091974,0.0043389294,0.0055505815,0.008060406,0.004575628,0.011049184,0.0042730095,0.0048586023,0.0052784723,0.0021025625,0.0036341886,0.002947391,0.006322595,0.007115497,0.0041178907,0.0073067555,0.0025602528,0.0045201024,0.0051312055,0.0037388809,0.008207893,0.0003396902,0.004861742
88,0.0017916551,0.0063937493,0.0018587561,0.004477377,0.0075075915,0.0015030061,0.00064312335,0.00896356,0.003961264,0.0052369195,-0.002263282,0.008994121,0.009313693,0.0043148203,0.008377306,0.0043586995,0.006423963,0.006935749,-0.0034656634,0.0038326608,0.009383638,-0.0028772177,0.005203082,0.002735089,0.0017962467,0.000623551,0.0051830146,0.00040888673,0.0019857518,0.0031583977,0.005675592,0.0019284057,0.008338424,0.0015820664,0.0024801448,0.002452896,0.00020763518,0.0011072129,0.0008529662,0.0038516808,0.004637426,0.0017312859,0.004121365,-0.00011245563,0.001880089,0.0021720852,0.0012958248,0.005947076,-0.0022463643,0.0024170885
89,-0.00041727768,0.004442843,7.1699305e-06,0.0025092787,0.0056926175,-0.00040348838,-0.0009591493,0.0070110443,0.0021710913,0.0034272904,-0.0039195595,0.00664419,0.0071468228,0.0025122839,0.006385661,0.0022787864,0.00449385,0.0049236203,-0.0051834593,0.0020114072,0.0071110595,-0.004638182,0.0033475643,0.00089750433,5.3994438e-05,-0.0010510104,0.0029118755,-0.001665701,0.00018746952,0.0012784544,0.0037425975,-0.00013173051,0.006048672,-0.00051361637,0.00064297626,0.00021362083,-0.001116808,-0.00082414545,-0.0006849663,0.001895875,0.0026461117,-9.426762e-05,0.0015245273,-0.0021502327,-0.00017689867,-0.00017079317,-0.0005571848,0.0041232454,-0.004143179,0.00052944524
90,-0.0020817015,0.002870077,-0.0013482674,0.0009749411,0.0041965824,-0.0018002382,-0.0020486515,0.0053545795,0.0008019625,0.0020047643,-0.004982447,0.0046438943,0.0052957446,0.0011241784,0.0047168047,0.00064278493,0.0029407355,0.003276229,-0.0062630037,0.00062515785,0.0051688594,-0.005774001,0.0018872658,-0.00047362858,-0.0012025763,-0.0022088038,0.001092207,-0.0031762763,-0.0011231176,-0.00014689945,0.00219916,-0.0016720193,0.004123704,-0.0020750181,-0.00071690895,-0.0015010437,-0.001954731,-0.0022252016,-0.0017365456,0.0003902965,0.0010812507,-0.0014232278,-0.00054531393,-0.003615617,-0.0017137041,-0.0019623288,-0.0018925718,0.002673225,-0.005417323,-0.00086988014
91,-0.0032617098,0.0016223472,-0.0022620757,-0.00018368283,0.0029688901,-0.0027414502,-0.0026941085,0.003945973,-0.00020122847,0.0009150233,-0.0055153146,0.0029452355,0.0037158278,9.699776e-05,0.0033135507,-0.0006031217,0.0017099982,0.0019385313,-0.0067700488,-0.0003843095,0.003510478,-0.0063470704,0.00076638313,-0.0014355076,-0.002034839,-0.0029152522,-0.00033346962,-0.004178942,-0.002007814,-0.0011679818,0.0009902333,-0.0027526245,0.0025118946,-0.0031585994,-0.0016567787,-0.0027445252,-0.0023812538,-0.0031554052,-0.0023642203,-0.0007232859,-0.00010967698,-0.0023125906,-0.0021466077,-0.0045640753,-0.002786087,-0.0032615638,-0.0027745075,0.0015417129,-0.0061289063,-0.0018419229
92,-0.0040093646,0.0006552074,-0.0027829988,-0.0010166208,0.0019662364,-0.0032742685,-0.0029575056,0.0027447897,-0.0008868064,0.000110968154,-0.005574555,0.0015059157,0.0023691056,-0.0006177869,0.0021266122,-0.0015084918,0.0007532222,0.00086404907,-0.006762322,-0.0010677864,0.002094793,-0.0064137904,-6.340569e-05,-0.0020374383,-0.0024992477,-0.0032279373,-0.0014140377,-0.0047244327,-0.002520165,-0.0018284331,6.858397e-05,-0.0034272918,0.001167586,-0.003813922,-0.0022271043,-0.0035669997,-0.0024631594,-0.0036681828,-0.002623255,-0.0014952918,-0.0009715588,-0.0028130228,-0.0033302729,-0.005045227,-0.0034442747,-0.004121864,-0.003261925,0.000681222,-0.0063311635,-0.002441328
93,-0.0043734154,-7.131164e-05,-0.002954533,-0.001569011,0.0011517104,-0.0034413994,-0.0028936488,0.0017158778,-0.0012975361,-0.00044809846,-0.0052126697,0.0002900848,0.0012239914,-0.0010618184,0.0011138911,-0.0021140156,2.9004515e-05,1.2398934e-05,-0.0062936125,-0.0014714362,0.00088659994,-0.0060260575,-0.00064437115,-0.0023216766,-0.002643894,-0.0032005333,-0.0021961126,-0.004857517,-0.0027084097,-0.002166886,-0.00060771365,-0.0037447673,5.2819792e-05,-0.004086305,-0.002473616,-0.004012647,-0.0022596256,-0.0038109142,-0.0025620286,-0.0019714595,-0.0015451529,-0.0029696908,-0.0041442844,-0.005104483,-0.003732216,-0.004592681,-0.003406668,4.9932816e-05,-0.0060741957,-0.0027179243
94,-0.004396163,-0.0005921343,-0.0028150473,-0.0018799987,0.0004938287,-0.0032816145,-0.0025522665,0.0008305898,-0.0014698622,-0.00079784676,-0.0044755093,-0.0007345253,0.00025306697,-0.0012708376,0.00023906863,-0.0024575654,-0.00050027564,-0.00065204967,-0.0054129064,-0.0016345506,-0.00014524137,-0.005230071,-0.0010135968,-0.002327974,-0.0025127837,-0.002879171,-0.0027169986,-0.004620041,-0.0026158376,-0.0022168462,-0.0010747407,-0.003747812,-0.00086678175,-0.004016921,-0.0024359939,-0.0041203974,-0.001822723,-0.0036268989,-0.0022244786,-0.002191564,-0.0018655522,-0.0028227582,-0.0046300585,-0.004781617,-0.0036905638,-0.004716772,-0.0032557615,-0.00038896292,-0.0054030637,-0.002715337
95,-0.0041166544,-0.0009363943,-0.0023990348,-0.0019833632,-3.371994e-05,-0.002827269,-0.0019775853,6.3829546e-05,-0.0014350719,-0.0009683274,-0.0034048236,-0.0015954963,-0.00056664774,-0.001276859,-0.00052917714,-0.0025714117,-0.0008651745,-0.0011590448,-0.0041647153,-0.0015916368,-0.0010254459,-0.004069497,-0.0012022041,-0.0020895835,-0.002145228,-0.0023064618,-0.0030130446,-0.004047856,-0.0022800742,-0.00200699,-0.0013636283,-0.003475157,-0.0016220153,-0.003641439,-0.0021499817,-0.0039259875,-0.0011975655,-0.0031547267,-0.0016480148,-0.002190312,-0.001961827,-0.0024086323,-0.0048266663,-0.004113835,-0.003355199,-0.004533848,-0.0028507072,-0.00066553225,-0.0043581445,-0.0024725464
96,-0.0035691601,-0.0011302999,-0.0017377168,-0.0019100511,-0.00045346015,-0.002109079,-0.0012096559,-0.0006040382,-0.0012212481,-0.0009861401,-0.0020380095,-0.0023160218,-0.0012546367,-0.0011072173,-0.0012158217,-0.0024832336,-0.0010936746,-0.0015347307,-0.0025881198,-0.0013724167,-0.0017775034,-0.0025823915,-0.0012383338,-0.0016349513,-0.0015740228,-0.0015193819,-0.0031148104,-0.003174606,-0.0017346892,-0.0015634894,-0.0015010944,-0.0029608917,-0.0022368138,-0.0029934691,-0.001647716,-0.0034610394,-0.00042376367,-0.0024293852,-0.0008666184,-0.0019991589,-0.0018616612,-0.0017585316,-0.004768636,-0.0031331826,-0.002757603,-0.0040788674,-0.0022280228,-0.0008072173,-0.0029763537,-0.002024357
97,-0.0027850554,-0.0011960594,-0.0008579023,-0.0016857916,-0.0007843539,-0.001153812,-0.00028231193,-0.0011902613,-0.00085232925,-0.0008736068,-0.00040882456,-0.0029177135,-0.001827799,-0.0007862363,-0.0018435065,-0.0022189487,-0.0012097374,-0.0018005582,-0.000720263,-0.0010048465,-0.002419793,-0.0008036513,-0.0011453864,-0.0009903326,-0.0008298775,-0.0005516269,-0.0030490954,-0.0020304748,-0.0010094077,-0.0009084038,-0.0015112925,-0.0022350156,-0.0027346925,-0.0021021932,-0.0009568624,-0.0027549362,0.00046502225,-0.0014815114,8.996163e-05,-0.0016458646,-0.0015874315,-0.0009009095,-0.0044868053,-0.0018685118,-0.0019263643,-0.0033842805,-0.0014212122,-0.00083722477,-0.001291849,-0.0014016293
98,-0.0017917745,-0.0011532843,0.00021479234,-0.0013341677,-0.0010425156,1.4870734e-05,0.00077284995,-0.0017094321,-0.00034837864,-0.00065123825,0.001452283,-0.0034180933,-0.0022999258,-0.0003341564,-0.0024303608,-0.0017999188,-0.0012330947,-0.0019765242,0.0014060687,-0.0005110761,-0.0029684228,0.0012353174,-0.0009439906,-0.00017927728,6.104562e-05,0.0005674311,-0.0028400724,-0.0006420079,-0.00013046543,-6.218187e-05,-0.0014134859,-0.001324917,-0.0031340937,-0.0009942484,-0.00010258166,-0.0018321992,0.0014403074,-0.00033908687,0.0011956133,-0.0011539538,-0.0011604412,0.00013847186,-0.0040089493,-0.00034703407,-0.00088689436,-0.0024787718,-0.00045889846,-0.00077524123,0.0006652105,-0.00063190603
99,-0.0006137666,-0.001019049,0.001459379,-0.00087497546,-0.0012416153,0.001374958,0.0019286022,-0.0021731886,0.00027200126,-0.00033566207,0.0035189362,-0.0038331612,-0.0026835082,0.00023045165,-0.0029914044,-0.0012451183,-0.0011814416,-0.002078117,0.003760863,8.839901e-05,-0.0034383056,0.0035051962,-0.0006516448,0.0007792555,0.0010754017,0.0018119985,-0.002508692,0.00096583046,0.0008783758,0.00095752924,-0.0012259237,-0.00025449094,-0.003452624,0.00030550154,0.0008922011,-0.0007165143,0.002477238,0.00097282237,0.0024272946,-0.00054462615,-0.0005978342,0.0013369587,-0.0033605283,0.0014078286,0.00033669206,-0.00138756,0.0006328172,-0.00063850766,0.0028670663,0.00026103563
100,0.0007264298,-0.00080744235,0.0028548695,-0.0003255369,-0.0013928333,0.0029072005,0.0031622872,-0.0025909902,0.000993681,5.912488e-05,0.0057658907,-0.0041765287,-0.0029877205,0.0008921469,-0.0035392256,-0.0005708958,-0.0010704665,-0.002119125,0.0063173296,0.000776452,-0.0038396618,0.005979738,-0.0002837308,0.0018670743,0.0021930656,0.0031583987,-0.0020737548,0.0027712968,0.001997558,0.002135825,-0.00096393283,0.0009559342,-0.0037041893,0.001776728,0.0020084064,0.0005720122,0.0035553824,0.0024313577,0.0037651535,0.00016309564,8.515358e-05,0.0026745584,-0.002563654,0.0033746832,0.0017254853,-0.00013392145,0.0018315496,-0.00044175924,0.005288541,0.0012555433
