,MSE0,MSE1,MSE2,MSE3,MSE4,MSE5,MSE6,MSE7,MSE8,MSE9,MSE10,MSE11,MSE12,MSE13,MSE14,MSE15,MSE16,MSE17,MSE18,MSE19,MSE20,MSE21,MSE22,MSE23,MSE24,MSE25,MSE26,MSE27,MSE28,MSE29,MSE30,MSE31,MSE32,MSE33,MSE34,MSE35,MSE36,MSE37,MSE38,MSE39,MSE40,MSE41,MSE42,MSE43,MSE44,MSE45,MSE46,MSE47,MSE48,MSE49
0,1.568438e-05,1.8933344e-05,9.673532e-06,1.2862589e-06,1.2884746e-06,2.1009193e-06,2.6200834e-05,5.7998227e-06,5.983926e-07,6.1334276e-06,1.4377891e-05,2.1392043e-05,2.1555488e-05,9.298867e-06,9.0007696e-08,1.6822809e-06,1.5914342e-05,2.2200081e-06,5.5304913e-06,5.9640656e-06,6.8269164e-06,8.287569e-06,4.4688613e-06,2.3143728e-05,4.571265e-07,3.8835988e-06,1.2724081e-06,4.649456e-06,1.2427566e-05,2.332926e-05,3.8514077e-06,7.651596e-07,2.4386036e-06,7.4475645e-07,1.4890229e-09,1.0928491e-05,2.5868989e-05,7.857053e-06,3.572433e-05,1.2833151e-05,1.8713916e-05,2.493618e-07,8.555197e-08,1.9234967e-06,2.1987102e-05,1.695509e-07,4.1285625e-06,1.3820009e-05,2.3290575e-07,1.1815404e-05
1,1.303114e-05,1.5631298e-05,9.024657e-06,5.993479e-08,1.8081261e-06,3.502203e-06,2.2029273e-05,6.746564e-06,3.2721182e-08,5.767037e-06,1.3038492e-05,1.7968256e-05,1.788852e-05,1.0265381e-05,1.1588871e-09,2.1855687e-06,1.400471e-05,2.7680662e-06,5.5212786e-06,5.613985e-06,7.5006105e-06,7.2840394e-06,4.6707933e-06,1.9649924e-05,1.0267871e-06,4.500941e-06,2.9673552e-07,4.6795117e-06,1.1231702e-05,1.9283169e-05,3.7259374e-06,2.745227e-08,2.868051e-06,1.5786796e-07,1.7732675e-07,9.304336e-06,2.2963195e-05,7.1292957e-06,3.0156416e-05,1.1264091e-05,1.5717718e-05,6.121016e-07,8.474457e-09,2.5556733e-06,2.1964723e-05,3.1984244e-09,3.6089637e-06,1.154759e-05,2.209221e-08,1.107498e-05
2,1.0346605e-05,1.2334905e-05,8.097791e-06,3.142261e-07,2.236614e-06,5.1178868e-06,1.7781222e-05,7.416923e-06,1.3332888e-07,5.198099e-06,1.1405887e-05,1.4463059e-05,1.4209795e-05,1.0896068e-05,1.0203067e-07,2.5946838e-06,1.185294e-05,3.191385e-06,5.269926e-06,5.0579365e-06,7.840031e-06,6.1530322e-06,4.661693e-06,1.602682e-05,1.678608e-06,4.9174178e-06,8.3397075e-13,4.503411e-06,9.773451e-06,1.523847e-05,3.4665713e-06,2.4260828e-07,3.155112e-06,1.6163758e-09,5.619472e-07,7.5969965e-06,1.9658439e-05,6.222958e-06,2.4453851e-05,9.491682e-06,1.26650875e-05,1.0417225e-06,1.8970506e-07,3.0668236e-06,2.1495556e-05,2.3017267e-07,3.0013305e-06,9.226368e-06,2.8920027e-08,1.0016271e-05
3,7.708875e-06,9.136335e-06,6.9113776e-06,1.6156141e-06,2.5002557e-06,6.839593e-06,1.3572658e-05,7.7162895e-06,7.30605e-07,4.4413327e-06,9.519472e-06,1.0977247e-05,1.0623996e-05,1.1119165e-05,3.0059152e-07,2.8483005e-06,9.520406e-06,3.4270877e-06,4.7694657e-06,4.3055416e-06,7.7776185e-06,4.9284163e-06,4.4137155e-06,1.2377305e-05,2.2952042e-06,5.0689223e-06,2.5001737e-07,4.1080534e-06,8.089449e-06,1.1312171e-05,3.0685767e-06,1.1826537e-06,3.2530259e-06,1.9453833e-07,1.0369394e-06,5.8578e-06,1.6041879e-05,5.158305e-06,1.877228e-05,7.5734706e-06,9.640116e-06,1.4562929e-06,5.341162e-07,3.3780225e-06,2.0545334e-05,7.21563e-07,2.3320426e-06,6.9269386e-06,2.1686958e-07,8.657802e-06
4,5.229062e-06,6.1584587e-06,5.515494e-06,3.5163046e-06,2.5427078e-06,8.542626e-06,9.556266e-06,7.577299e-06,1.6324246e-06,3.5313203e-06,7.4514282e-06,7.646488e-06,7.2681314e-06,1.0884075e-05,5.076757e-07,2.8984423e-06,7.1068907e-06,3.427492e-06,4.036712e-06,3.3951999e-06,7.2777734e-06,3.6613826e-06,3.9220945e-06,8.840086e-06,2.7680471e-06,4.9120877e-06,8.90124e-07,3.5037924e-06,6.2497193e-06,7.656853e-06,2.5442696e-06,2.5786067e-06,3.1294687e-06,6.333803e-07,1.4925415e-06,4.15806e-06,1.2253448e-05,3.980917e-06,1.3320833e-05,5.5956607e-06,6.755906e-06,1.7776055e-06,9.413141e-07,3.4305685e-06,1.9098929e-05,1.339338e-06,1.6424078e-06,4.744734e-06,5.326154e-07,7.0480505e-06
5,3.0446065e-06,3.5576597e-06,3.9973866e-06,5.579263e-06,2.340014e-06,1.00975085e-05,5.929483e-06,6.970589e-06,2.6366956e-06,2.5328668e-06,5.315456e-06,4.646905e-06,4.3119376e-06,1.0173103e-05,6.46903e-07,2.7204674e-06,4.7514472e-06,3.169485e-06,3.1193504e-06,2.392872e-06,6.3467537e-06,2.426451e-06,3.2107416e-06,5.592069e-06,3.0075237e-06,4.4317385e-06,1.7482727e-06,2.7281126e-06,4.362011e-06,4.461027e-06,1.9241193e-06,4.136641e-06,2.7772212e-06,1.1989378e-06,1.8348159e-06,2.5922743e-06,8.4904395e-06,2.7624924e-06,8.364839e-06,3.678772e-06,4.1566946e-06,1.9407062e-06,1.3143448e-06,3.1976035e-06,1.7171142e-05,1.9462504e-06,9.883156e-07,2.801282e-06,9.1003744e-07,5.275268e-06
6,1.320731e-06,1.5232714e-06,2.4870953e-06,7.406033e-06,1.9073548e-06,1.1374871e-05,2.932592e-06,5.9228605e-06,3.5460719e-06,1.5407934e-06,3.2714527e-06,2.1966198e-06,1.9593815e-06,9.009873e-06,6.663412e-07,2.3178711e-06,2.637232e-06,2.664977e-06,2.1055384e-06,1.4020965e-06,5.0487793e-06,1.3226861e-06,2.34007e-06,2.858379e-06,2.9567946e-06,3.6553865e-06,2.6480936e-06,1.8543328e-06,2.579986e-06,1.9513298e-06,1.2627992e-06,5.5612522e-06,2.2218694e-06,1.7651987e-06,1.9943932e-06,1.2797431e-06,5.0239933e-06,1.6086904e-06,4.2327406e-06,1.980024e-06,2.0208065e-06,1.9044252e-06,1.5697756e-06,2.6905536e-06,1.4817584e-05,2.418775e-06,4.4076344e-07,1.2465869e-06,1.2752879e-06,3.4741965e-06
7,2.499658e-07,2.7573367e-07,1.1635896e-06,8.665483e-06,1.3097939e-06,1.2258978e-05,8.5156677e-07,4.5274146e-06,4.1884523e-06,6.83646e-07,1.5288246e-06,5.524417e-07,4.4299617e-07,7.4658537e-06,5.5082137e-07,1.7351935e-06,9.927868e-07,1.9691238e-06,1.1252619e-06,5.646703e-07,3.5171238e-06,4.756821e-07,1.4168797e-06,9.016116e-07,2.6048262e-06,2.662574e-06,3.4247446e-06,9.974154e-07,1.1028002e-06,3.8643398e-07,6.431826e-07,6.583738e-06,1.5298003e-06,2.2122938e-06,1.9347485e-06,3.628835e-07,2.1904477e-06,6.5847405e-07,1.3088135e-06,6.9230776e-07,5.5744846e-07,1.6602602e-06,1.6474129e-06,1.9737822e-06,1.2135564e-05,2.6592552e-06,8.508618e-08,2.5651278e-07,1.5566166e-06,1.8305232e-06
8,4.0559623e-08,5.769647e-08,2.5286636e-07,9.128454e-06,6.6847736e-07,1.2657337e-05,4.440591e-09,2.9552161e-06,4.4358353e-06,1.2100223e-07,3.4567302e-07,3.6049599e-09,1.5397953e-08,5.6666445e-06,3.327557e-07,1.0627516e-06,8.837071e-08,1.1875553e-06,3.5295866e-07,6.181969e-08,1.96204e-06,3.1165506e-08,5.9381534e-07,2.0186697e-08,1.997162e-06,1.5899088e-06,3.9404654e-06,3.145508e-07,1.759256e-07,4.4995836e-08,1.7727007e-07,6.9949147e-06,8.1420086e-07,2.4433054e-06,1.6604297e-06,5.8682714e-10,3.956378e-07,8.4516444e-08,2.3426672e-08,3.7564877e-08,2.2067283e-10,1.2432237e-06,1.5223741e-06,1.1647984e-06,9.2707805e-06,2.6128203e-06,1.4520303e-08,2.4077831e-08,1.6941405e-06,5.8134407e-07
9,9.041646e-07,1.1195983e-06,2.2227573e-08,8.695512e-06,1.6015633e-07,1.2515631e-05,7.271582e-07,1.4566469e-06,4.225655e-06,3.7369556e-08,1.8351098e-08,8.5522674e-07,9.308478e-07,3.7888217e-06,1.00693164e-07,4.3852447e-07,2.2183231e-07,4.77261e-07,2.6914884e-09,1.0419211e-07,6.749116e-07,1.4954826e-07,7.317193e-08,5.306388e-07,1.2441213e-06,6.378046e-07,4.1021963e-06,2.370377e-09,8.101536e-08,1.2090653e-06,3.523082e-10,6.6830817e-06,2.3634774e-07,2.3975708e-06,1.2207034e-06,3.5950916e-07,9.622998e-08,8.5691426e-08,8.313044e-07,2.5453622e-07,5.935654e-07,7.363348e-07,1.2126006e-06,4.4028823e-07,6.4180526e-06,2.2757315e-06,3.2295856e-07,7.477471e-07,1.6516104e-06,8.652466e-09
10,3.03325e-06,3.69521e-06,7.62792e-07,7.4185996e-06,1.0966231e-08,1.1826311e-05,3.3462254e-06,3.5251477e-07,3.5764845e-06,6.2690293e-07,8.645161e-07,3.4030718e-06,3.4199502e-06,2.0563707e-06,1.371572e-09,4.5445006e-08,1.6979695e-06,4.351122e-08,3.1582604e-07,9.182371e-07,1.937648e-08,9.902051e-07,9.455604e-08,2.7428011e-06,5.204168e-07,6.055737e-08,3.874062e-06,2.8572535e-07,1.1183994e-06,4.1336216e-06,2.63728e-07,5.663613e-06,9.8614034e-11,2.0690086e-06,7.08444e-07,1.596558e-06,1.7743187e-06,8.7385087e-07,4.17608e-06,1.5785153e-06,2.5710726e-06,2.6958364e-07,7.8413683e-07,2.5692712e-08,3.811531e-06,1.7065339e-06,1.0917273e-06,2.610556e-06,1.426568e-06,4.2453684e-07
11,6.5708223e-06,7.96826e-06,2.7625338e-06,5.5097717e-06,4.765244e-07,1.0638759e-05,8.139543e-06,1.2952068e-08,2.5997224e-06,2.0723564e-06,3.1930474e-06,7.896796e-06,7.655085e-06,7.234205e-07,2.334948e-07,9.7072245e-08,4.795308e-06,1.2386917e-07,1.5386064e-06,2.721495e-06,4.111652e-07,2.6919722e-06,9.176593e-07,6.9236644e-06,5.5547268e-08,1.5338499e-07,3.2872672e-06,1.3969274e-06,3.5777575e-06,9.011618e-06,1.1166524e-06,4.099325e-06,3.3801786e-07,1.5153119e-06,2.538908e-07,3.836288e-06,5.8902638e-06,2.6493858e-06,1.0437954e-05,4.2109077e-06,6.125182e-06,1.0664728e-08,3.4732932e-07,1.798131e-07,1.7100843e-06,1.0243773e-06,2.3725124e-06,5.7524235e-06,1.0571773e-06,2.144687e-06
12,1.15748035e-05,1.4033242e-05,6.2676163e-06,3.3314814e-06,1.8112272e-06,9.053832e-06,1.528516e-05,8.178204e-07,1.4940625e-06,4.513029e-06,7.262798e-06,1.4492149e-05,1.3707223e-05,4.263314e-08,1.029795e-06,8.1531755e-07,9.72139e-06,9.63418e-07,3.889484e-06,5.685474e-06,2.2811037e-06,5.343776e-06,2.792552e-06,1.3249422e-05,1.11044415e-07,1.2222474e-06,2.4422122e-06,3.5445655e-06,7.696839e-06,1.592034e-05,2.682676e-06,2.3121313e-06,1.4864179e-06,8.6043156e-07,9.895745e-09,7.1396876e-06,1.2825125e-05,5.571619e-06,1.9869853e-05,8.282064e-06,1.1369703e-05,1.4493851e-07,4.815354e-08,1.1651799e-06,3.7163144e-07,3.9954193e-07,4.1684334e-06,1.0234852e-05,6.222068e-07,5.449176e-06
13,1.7976065e-05,2.1842408e-05,1.1433012e-05,1.3649835e-06,4.2245547e-06,7.2226253e-06,2.4806066e-05,3.1014642e-06,5.3115076e-07,8.010475e-06,1.3228534e-05,2.3194829e-05,2.1499602e-05,2.3309444e-07,2.6268092e-06,2.39613e-06,1.6559956e-05,2.7770648e-06,7.5161993e-06,9.894809e-06,6.0198195e-06,8.956135e-06,5.9162e-06,2.175063e-05,9.445793e-07,3.5407668e-06,1.4973771e-06,6.8710942e-06,1.3609226e-05,2.477636e-05,5.0288645e-06,7.6389904e-07,3.649922e-06,2.8513648e-07,1.2933924e-07,1.1475564e-05,2.2800401e-05,9.719798e-06,3.2518245e-05,1.3806368e-05,1.8293918e-05,8.444622e-07,4.565769e-08,3.2069718e-06,1.6311493e-08,3.123929e-08,6.4122487e-06,1.6002992e-05,2.3287912e-07,1.0531692e-05
14,2.5538717e-05,3.116301e-05,1.8262566e-05,1.5469686e-07,7.825747e-06,5.3246754e-06,3.6501184e-05,7.0820315e-06,2.0988402e-08,1.25072675e-05,2.1081833e-05,3.3803353e-05,3.075731e-05,1.4339531e-06,5.2210926e-06,4.965608e-06,2.5209172e-05,5.7045972e-06,1.2446547e-05,1.5295205e-05,1.1910963e-05,1.342624e-05,1.03845905e-05,3.225302e-05,2.7613405e-06,7.296867e-06,6.5067997e-07,1.1406864e-05,2.1283877e-05,3.5274566e-05,8.130214e-06,9.481417e-09,6.95477e-06,3.7196082e-09,7.35711e-07,1.6685519e-05,3.5789366e-05,1.5043429e-05,4.8137215e-05,2.0635667e-05,2.6718499e-05,2.2278073e-06,4.8281197e-07,6.443823e-06,7.8411784e-07,1.1490807e-07,8.953449e-06,2.2845257e-05,1.447654e-08,1.7441605e-05
15,3.3829547e-05,4.152781e-05,2.6551177e-05,2.2737812e-07,1.256774e-05,3.5479345e-06,4.989087e-05,1.27857265e-05,2.6123803e-07,1.7790722e-05,3.0590818e-05,4.5850516e-05,4.0978233e-05,3.6590911e-06,8.9190935e-06,8.53147e-06,3.5330137e-05,9.757075e-06,1.853885e-05,2.1649024e-05,2.0045321e-05,1.8510198e-05,1.6135991e-05,4.432311e-05,5.657657e-06,1.2528586e-05,1.0669063e-07,1.7014872e-05,3.0470195e-05,4.685668e-05,1.1840163e-05,6.23038e-07,1.1399153e-05,2.2560786e-07,1.8914575e-06,2.2459184e-05,5.142966e-05,2.1331045e-05,6.6113076e-05,2.8424976e-05,3.6256628e-05,4.316151e-06,1.450266e-06,1.0872636e-05,2.6892928e-06,7.996487e-07,1.1550045e-05,3.0367137e-05,7.9480834e-08,2.6022613e-05
16,4.2208314e-05,5.2222906e-05,3.5841087e-05,1.99585e-06,1.8197114e-05,2.0578073e-06,6.417947e-05,1.9975456e-05,1.4754504e-06,2.3475946e-05,4.125048e-05,5.8573794e-05,5.1415755e-05,6.7588053e-06,1.3682443e-05,1.2941804e-05,4.630479e-05,1.4771743e-05,2.544222e-05,2.8508386e-05,3.0244611e-05,2.3817907e-05,2.2902816e-05,5.7231016e-05,9.564336e-06,1.9068684e-05,3.8736694e-08,2.3357798e-05,4.065017e-05,5.8683985e-05,1.5870168e-05,3.0925942e-06,1.6807942e-05,1.106374e-06,3.5675107e-06,2.8333141e-05,6.8948895e-05,2.8169807e-05,8.540916e-05,3.661111e-05,4.6289533e-05,6.993379e-06,2.9491423e-06,1.6299055e-05,5.580363e-06,2.1436722e-06,1.3877274e-05,3.797746e-05,4.9477416e-07,3.585824e-05
17,4.985589e-05,6.229271e-05,4.5404002e-05,5.656576e-06,2.4223542e-05,9.64689e-07,7.8252764e-05,2.8106315e-05,3.7490402e-06,2.9001578e-05,5.2268813e-05,7.091851e-05,6.110328e-05,1.0399187e-05,1.9285917e-05,1.7852724e-05,5.7230875e-05,2.0381185e-05,3.2577624e-05,3.520559e-05,4.199094e-05,2.8816423e-05,3.0183692e-05,6.99539e-05,1.4207404e-05,2.6497599e-05,5.4825773e-07,2.9875131e-05,5.102152e-05,6.966294e-05,1.9786778e-05,7.701134e-06,2.2798764e-05,2.695491e-06,5.625343e-06,3.369946e-05,8.712797e-05,3.4948003e-05,0.00010455432,4.4429187e-05,5.5981935e-05,9.984434e-06,4.8643633e-06,2.2310383e-05,9.120792e-06,4.0763957e-06,1.5568114e-05,4.491346e-05,1.2520795e-06,4.62517e-05
18,5.5829798e-05,7.060602e-05,5.4255455e-05,1.1103467e-05,2.9930134e-05,3.0435095e-07,9.0726855e-05,3.631896e-05,6.971791e-06,3.367773e-05,6.258546e-05,8.1580656e-05,6.8931295e-05,1.4075971e-05,2.529255e-05,2.2731754e-05,6.696372e-05,2.6013142e-05,3.9162514e-05,4.090023e-05,5.4402524e-05,3.2877757e-05,3.724283e-05,8.1220685e-05,1.9092344e-05,3.4136825e-05,1.6328125e-06,3.5808847e-05,6.0531827e-05,7.853517e-05,2.3053013e-05,1.4409334e-05,2.8783455e-05,4.892075e-06,7.814127e-06,3.7873124e-05,0.00010431988,4.088532e-05,0.00012171012,5.0971666e-05,6.432331e-05,1.2863844e-05,6.9538714e-06,2.8275626e-05,1.2795299e-05,6.3806765e-06,1.6264152e-05,5.0301365e-05,2.2487743e-06,5.6233243e-05
19,5.919377e-05,7.59722e-05,6.125602e-05,1.7871067e-05,3.4446486e-05,2.8892366e-08,0.00010007575,4.350971e-05,1.0816609e-05,3.676755e-05,7.0959555e-05,8.9151465e-05,7.377776e-05,1.7169015e-05,3.107557e-05,2.6899299e-05,7.42257e-05,3.093373e-05,4.4283326e-05,4.467025e-05,6.625022e-05,3.5367266e-05,4.3177337e-05,8.963097e-05,2.3540102e-05,4.1081974e-05,3.1699901e-06,4.0274488e-05,6.796274e-05,8.401048e-05,2.5094216e-05,2.276331e-05,3.399899e-05,7.42478e-06,9.801565e-06,4.0178085e-05,0.00011857473,4.511914e-05,0.00013481773,5.52875e-05,7.024256e-05,1.5104002e-05,8.870641e-06,3.3402157e-05,1.5961821e-05,8.704509e-06,1.5709807e-05,5.327179e-05,3.2936389e-06,6.463596e-05
20,5.917709e-05,7.732504e-05,6.524321e-05,2.514956e-05,3.687031e-05,1.8730582e-08,0.000104815634,4.8467387e-05,1.474614e-05,3.7610505e-05,7.612099e-05,9.2293274e-05,7.469149e-05,1.9040584e-05,3.5882716e-05,2.9624904e-05,7.777914e-05,3.4344237e-05,4.7021415e-05,4.5673696e-05,7.6072174e-05,3.5755365e-05,4.70182e-05,9.38386e-05,2.677332e-05,4.6308924e-05,4.9266846e-06,4.2394808e-05,7.209465e-05,8.498141e-05,2.541209e-05,3.1874853e-05,3.761247e-05,9.872159e-06,1.1221233e-05,4.0075247e-05,0.0001278353,4.6832778e-05,0.00014185465,5.6549805e-05,7.27467e-05,1.6176802e-05,1.0217543e-05,3.6832047e-05,1.7953495e-05,1.0612168e-05,1.3831752e-05,5.3112795e-05,4.1368116e-06,7.0225266e-05
21,5.5365643e-05,7.394713e-05,6.52514e-05,3.1854874e-05,3.6464586e-05,1.1858013e-07,0.00010377747,5.0102135e-05,1.809007e-05,3.5788475e-05,7.699251e-05,9.000775e-05,7.1108e-05,1.9178126e-05,3.8945956e-05,3.0261639e-05,7.666343e-05,3.5526336e-05,4.663846e-05,4.3342236e-05,8.234327e-05,3.3748136e-05,4.7899477e-05,9.2791546e-05,2.806596e-05,4.8833706e-05,6.5988866e-06,4.148558e-05,7.193803e-05,8.0762926e-05,2.3723915e-05,4.047664e-05,3.8860406e-05,1.172551e-05,1.1754613e-05,3.7309223e-05,0.00013029017,4.5431065e-05,0.00014117785,5.4243494e-05,7.1129994e-05,1.5689231e-05,1.0638494e-05,3.7809623e-05,1.8215553e-05,1.1679327e-05,1.0827222e-05,4.945195e-05,4.535876e-06,7.1912444e-05
22,4.7886435e-05,6.5717875e-05,6.076502e-05,3.6808222e-05,3.2888544e-05,1.8770342e-07,9.639947e-05,4.770893e-05,2.0160394e-05,3.1277086e-05,7.29332e-05,8.192011e-05,6.306008e-05,1.735487e-05,3.9642917e-05,2.8429595e-05,7.045991e-05,3.4013632e-05,4.2783788e-05,3.7609272e-05,8.375561e-05,2.9419132e-05,4.528685e-05,8.6009946e-05,2.692388e-05,4.7931506e-05,7.871568e-06,3.7267728e-05,6.6971894e-05,7.1359595e-05,2.0089e-05,4.7098492e-05,3.722944e-05,1.2508572e-05,1.1218039e-05,3.203186e-05,0.00012473478,4.073339e-05,0.00013192874,4.8333863e-05,6.515989e-05,1.3538165e-05,9.924948e-06,3.5869016e-05,1.6482452e-05,1.1600502e-05,7.1887107e-06,4.2437994e-05,4.336607e-06,6.898401e-05
23,3.752132e-05,5.33029e-05,5.1950497e-05,3.896163e-05,2.6412545e-05,1.5395416e-07,8.299855e-05,4.1247324e-05,2.0423455e-05,2.4565994e-05,6.399597e-05,6.853918e-05,5.131854e-05,1.375958e-05,3.765324e-05,2.4169374e-05,5.952539e-05,2.9775016e-05,3.5687633e-05,2.9072862e-05,7.9514684e-05,2.3275123e-05,3.9173705e-05,7.3824674e-05,2.3283103e-05,4.3356362e-05,8.4932435e-06,3.006976e-05,5.7402154e-05,5.7635978e-05,1.499169e-05,5.034095e-05,3.2645785e-05,1.1914679e-05,9.637183e-06,2.486892e-05,0.00011098375,3.313057e-05,0.000114415765,3.9401508e-05,5.525122e-05,1.0030147e-05,8.118189e-06,3.1015046e-05,1.2922111e-05,1.0302335e-05,3.6513209e-06,3.2834047e-05,3.5448759e-06,6.1356535e-05
24,2.5710651e-05,3.8240065e-05,3.9805396e-05,3.7662932e-05,1.8041143e-05,4.876819e-08,6.493995e-05,3.153203e-05,1.86576e-05,1.6668942e-05,5.1074272e-05,5.139158e-05,3.7387814e-05,9.068114e-06,3.3095417e-05,1.8055513e-05,4.5128352e-05,2.331842e-05,2.6269148e-05,1.9056713e-05,6.964065e-05,1.6223223e-05,3.0248237e-05,5.7522e-05,1.7634025e-05,3.5523582e-05,8.344254e-06,2.0921689e-05,4.430549e-05,4.135774e-05,9.331425e-06,4.922597e-05,2.5615009e-05,9.945662e-06,7.276172e-06,1.6880475e-05,9.0226444e-05,2.3652115e-05,9.0354726e-05,2.8646195e-05,4.2520158e-05,5.9118515e-06,5.5634882e-06,2.3854229e-05,8.231517e-06,8.009441e-06,1.0369362e-06,2.2022305e-05,2.3602704e-06,4.974138e-05
25,1.4362621e-05,2.2835386e-05,2.6157077e-05,3.2884356e-05,9.471966e-06,4.781562e-09,4.4612305e-05,2.0249747e-05,1.5084261e-05,9.006162e-06,3.592803e-05,3.2963446e-05,2.3333821e-05,4.375451e-06,2.6565931e-05,1.1188512e-05,2.9394569e-05,1.5697053e-05,1.610233e-05,9.4905035e-06,5.5170945e-05,9.426344e-06,1.9903027e-05,3.930158e-05,1.1039828e-05,2.5573472e-05,7.46945e-06,1.1522778e-05,2.9597131e-05,2.499928e-05,4.2667916e-06,4.353276e-05,1.7242382e-05,6.986416e-06,4.6086984e-06,9.382704e-06,6.5084256e-05,1.3894002e-05,6.288755e-05,1.7732029e-05,2.8712988e-05,2.2590484e-06,2.8770917e-06,1.5585669e-05,3.601294e-06,5.2246473e-06,3.864816e-09,1.1814437e-05,1.1381024e-06,3.5692618e-05
26,5.482315e-06,9.816056e-06,1.3413555e-05,2.5362011e-05,2.8098025e-06,2.0365515e-07,2.514306e-05,9.714358e-06,1.03915845e-05,3.1052311e-06,2.0956804e-05,1.635463e-05,1.1374294e-05,9.843303e-07,1.9070765e-05,5.01107e-06,1.4992901e-05,8.354028e-06,7.168928e-06,2.5329311e-06,3.8169055e-05,4.0319683e-06,1.008558e-05,2.1982883e-05,4.9730484e-06,1.524459e-05,6.067607e-06,3.9518227e-06,1.5769989e-05,1.1296232e-05,9.2614005e-07,3.4032233e-05,9.107285e-06,3.7677526e-06,2.2063464e-06,3.6446895e-06,3.9411705e-05,5.7279103e-06,3.6205718e-05,8.458755e-06,1.5926122e-05,1.9141763e-07,8.0809735e-07,7.816584e-06,5.1389554e-07,2.6076564e-06,7.746675e-07,4.0842597e-06,2.6766998e-07,2.1432203e-05
27,6.535634e-07,1.7478842e-06,4.0828745e-06,1.6525251e-05,1.4457049e-08,7.8366435e-07,9.8166165e-06,2.3598354e-06,5.6210674e-06,1.9368e-07,8.761314e-06,4.642124e-06,3.3360836e-06,4.948157e-08,1.1808548e-05,9.784256e-07,4.5914085e-06,2.7934407e-06,1.4106597e-06,3.3538528e-10,2.1485768e-05,8.3759016e-07,2.8941524e-06,8.48009e-06,9.641512e-07,6.5402787e-06,4.434215e-06,1.8111592e-07,5.3754493e-06,2.5768034e-06,3.0770938e-08,2.2507877e-05,2.9299044e-06,1.1910689e-06,5.784897e-07,5.2508653e-07,1.76426e-05,8.677781e-07,1.4795993e-05,2.3150014e-06,6.174964e-06,4.666243e-07,6.089209e-10,2.2158742e-06,3.7612105e-07,7.638461e-07,2.9491678e-06,2.7642113e-07,2.5880178e-09,9.454273e-06
28,4.967992e-07,3.055585e-07,8.074136e-08,8.241311e-06,2.192027e-06,1.7411138e-06,1.2877325e-06,1.9929985e-08,1.904596e-06,7.5854183e-07,1.5041918e-06,3.2951668e-08,8.9761805e-08,2.1455926e-06,5.8806254e-06,1.0336704e-07,1.1206063e-07,1.48031e-07,1.3067304e-07,2.678198e-06,8.217031e-06,1.4514439e-08,1.5131235e-08,1.0712658e-06,1.13090564e-07,1.2036894e-06,2.8724428e-06,1.4242136e-06,3.3577558e-07,2.228002e-08,1.562199e-06,1.1438309e-05,9.832309e-08,2.644893e-08,9.913779e-10,1.584357e-07,3.7667114e-06,3.1672926e-07,2.3515106e-06,2.12165e-08,8.645607e-07,3.0748463e-06,7.213976e-07,1.2284361e-08,4.03556e-06,1.8367313e-08,5.5419287e-06,8.9390176e-07,3.1694734e-07,1.9376832e-06
29,4.314665e-06,5.595448e-06,2.0305345e-06,2.33363e-06,8.918237e-06,2.8750194e-06,7.327822e-07,3.197549e-06,1.0740121e-07,4.248804e-06,2.635231e-07,3.0193903e-06,1.1788709e-06,6.9132707e-06,1.981655e-06,2.5371069e-06,2.0331684e-06,7.577374e-07,3.4247942e-06,9.765699e-06,9.374747e-07,1.0137901e-06,2.096202e-06,6.787377e-07,2.6140128e-06,1.38179e-07,1.6072557e-06,7.5287408e-06,1.267219e-06,3.1090135e-06,4.6353844e-06,3.3631375e-06,1.151335e-06,5.698632e-07,4.0532592e-07,1.8518682e-06,1.2992001e-07,3.8976823e-06,6.015869e-07,1.236509e-06,3.2257603e-07,7.0417445e-06,2.659162e-06,1.5131235e-06,1.1319883e-05,2.7077812e-07,7.318357e-06,5.17619e-06,8.846836e-07,9.8528794e-08
30,1.0116269e-05,1.5778749e-05,8.781085e-06,1.8403682e-08,1.7932318e-05,3.826348e-06,7.2552853e-06,1.0618285e-05,4.7685876e-07,9.08724e-06,4.5548263e-06,1.1854576e-05,4.854599e-06,1.2945959e-05,2.161471e-07,7.3558945e-06,8.97752e-06,3.930169e-06,9.871223e-06,1.8745754e-05,8.7576416e-07,2.7495819e-06,8.290321e-06,6.3956663e-06,7.4911723e-06,2.976407e-06,7.397378e-07,1.6661339e-05,7.082215e-06,9.52662e-06,7.724619e-06,4.9289508e-08,5.4106767e-06,2.4122687e-06,1.3888694e-06,4.2904944e-06,6.4261517e-06,1.0071104e-05,8.465777e-06,4.5865563e-06,3.570368e-06,1.0639855e-05,4.9235264e-06,5.8148994e-06,2.0793816e-05,1.0319955e-06,7.359775e-06,1.11517575e-05,1.2415513e-06,3.6884019e-06
31,1.5162549e-05,2.7274189e-05,1.7450351e-05,1.4043661e-06,2.5541982e-05,4.219675e-06,1.7829861e-05,1.9360132e-05,2.4534538e-06,1.3105254e-05,1.2293323e-05,2.2703558e-05,8.619953e-06,1.8079138e-05,1.07274275e-07,1.272505e-05,1.7880233e-05,8.051795e-06,1.6735992e-05,2.594268e-05,7.2917755e-06,4.041249e-06,1.6220401e-05,1.551363e-05,1.2756537e-05,8.021211e-06,2.4877318e-07,2.558327e-05,1.5119874e-05,1.5789996e-05,9.257829e-06,1.6949813e-06,1.0977779e-05,4.482606e-06,2.36492e-06,6.0448715e-06,1.9348856e-05,1.6232647e-05,2.196556e-05,8.087013e-06,8.49459e-06,1.2077355e-05,6.333113e-06,1.0910343e-05,2.9905988e-05,1.660625e-06,5.5931923e-06,1.618801e-05,1.0803848e-06,1.0872968e-05
32,1.6957641e-05,3.5685407e-05,2.4181536e-05,5.3016324e-06,2.790629e-05,3.85169e-06,2.801124e-05,2.5701585e-05,4.7883746e-06,1.4343257e-05,2.0313097e-05,3.0687454e-05,1.0202425e-05,2.0099022e-05,8.2352125e-07,1.6486747e-05,2.4863644e-05,1.110513e-05,2.0807134e-05,2.7820712e-05,1.7380207e-05,4.1360995e-06,2.2557248e-05,2.420939e-05,1.6063786e-05,1.2714208e-05,3.968013e-08,3.0616175e-05,2.1919492e-05,1.8512546e-05,8.375146e-06,6.584559e-06,1.5253435e-05,5.467601e-06,2.8071554e-06,6.186967e-06,3.3300443e-05,1.9557854e-05,3.520705e-05,9.872347e-06,1.2480445e-05,1.04481505e-05,5.9639574e-06,1.43109955e-05,3.5659777e-05,1.7015059e-06,2.9215444e-06,1.7940522e-05,5.0491934e-07,1.864563e-05
33,1.4387762e-05,3.7323876e-05,2.5563675e-05,9.51347e-06,2.2991024e-05,2.8287677e-06,3.3369957e-05,2.657123e-05,6.022763e-06,1.1976481e-05,2.5381076e-05,3.172226e-05,8.584117e-06,1.7732342e-05,1.526939e-06,1.7017092e-05,2.667118e-05,1.1490176e-05,1.9760026e-05,2.2748169e-05,2.6930995e-05,3.0384256e-06,2.4225816e-05,2.879521e-05,1.5716187e-05,1.460198e-05,1.3241328e-09,2.9161309e-05,2.4477888e-05,1.5972659e-05,5.4682982e-06,1.1532846e-05,1.594456e-05,4.5379234e-06,2.4828569e-06,4.7140597e-06,4.2199335e-05,1.8187771e-05,4.236483e-05,8.978681e-06,1.3384864e-05,6.4341625e-06,3.7811274e-06,1.407231e-05,3.567366e-05,1.1369264e-06,7.3525894e-07,1.541027e-05,2.860434e-08,2.3773513e-05
34,8.486774e-06,3.089417e-05,2.0336205e-05,1.1648106e-05,1.24482485e-05,1.5462228e-06,3.1274e-05,2.1086751e-05,5.227236e-06,6.936484e-06,2.5411713e-05,2.4607223e-05,4.6290343e-06,1.1539324e-05,1.6849856e-06,1.4001966e-05,2.216996e-05,8.839203e-06,1.3555276e-05,1.2502986e-05,3.1740386e-05,1.4363318e-06,1.9893789e-05,2.7157892e-05,1.1622082e-05,1.2476445e-05,4.5609344e-08,2.1216138e-05,2.1535252e-05,9.2609125e-06,2.0892178e-06,1.3238726e-05,1.2277028e-05,2.0948214e-06,1.5641366e-06,2.4865212e-06,4.1907893e-05,1.2352747e-05,4.004681e-05,5.8202904e-06,1.0529033e-05,2.1656326e-06,1.0316927e-06,9.913779e-06,2.9326986e-05,3.7859255e-07,7.4848927e-10,9.597118e-06,2.4996376e-07,2.4007746e-05
35,2.3571351e-06,1.8599074e-05,1.0618576e-05,1.02651575e-05,2.2744161e-06,4.970723e-07,2.2278704e-05,1.1454442e-05,2.7133797e-06,1.8420667e-06,2.0347228e-05,1.2372027e-05,8.634803e-07,4.2348706e-06,1.2209823e-06,8.685878e-06,1.3190624e-05,4.4023295e-06,5.189692e-06,2.599145e-06,2.9389963e-05,2.454842e-07,1.1146882e-05,1.9791833e-05,5.636269e-06,7.2164844e-06,1.1441736e-07,1.0064674e-05,1.4265934e-05,2.2739666e-06,1.208357e-07,1.0170846e-05,5.8666856e-06,9.0298336e-08,5.4507643e-07,6.699275e-07,3.225286e-05,4.8114885e-06,2.901761e-05,2.089476e-06,5.276547e-06,4.1045215e-08,8.947631e-08,3.888039e-06,1.8471792e-05,4.746079e-10,5.775833e-07,3.3097897e-06,1.4030244e-06,1.9090163e-05
36,4.879452e-08,5.9595914e-06,1.8589317e-06,5.8759288e-06,1.2890856e-06,1.914686e-08,1.0352616e-05,2.5943427e-06,3.0569032e-07,6.699461e-08,1.2261578e-05,1.9258366e-06,3.6937072e-07,7.497944e-08,4.6646144e-07,3.3715596e-06,4.0964346e-06,7.0246307e-07,1.0271651e-07,7.615037e-07,2.061725e-05,6.541498e-08,2.5821644e-06,9.846706e-06,9.225584e-07,1.7806207e-06,1.6377055e-07,1.4552523e-06,5.9441772e-06,2.1479138e-07,6.028589e-07,4.0877535e-06,6.430771e-07,1.5236263e-06,9.346778e-09,1.3989032e-09,1.7492954e-05,1.5396e-07,1.4223417e-05,3.8841613e-08,7.753497e-07,1.0906937e-06,3.6110848e-06,8.105499e-08,7.1926465e-06,4.0004954e-07,1.3873245e-06,4.7903313e-08,3.1431055e-06,1.104364e-05
37,4.7642757e-06,8.535395e-09,1.0571543e-06,1.2244756e-06,1.7369026e-05,1.5214118e-07,1.4965258e-06,3.2933082e-07,8.4453234e-07,4.2161246e-06,4.5268835e-06,1.552752e-06,5.215795e-06,3.2854364e-06,4.369415e-09,3.0595402e-07,2.3251836e-09,4.6025377e-07,4.0946256e-06,1.3691456e-05,9.405128e-06,9.147318e-07,3.6356147e-07,1.9745294e-06,4.442211e-07,1.6471262e-07,1.4991747e-07,1.211451e-06,5.8453486e-07,7.0551955e-06,3.0086803e-06,4.3894577e-08,1.5085079e-06,9.094429e-06,3.6622583e-07,3.9535095e-07,4.6235214e-06,2.9896871e-06,2.756752e-06,1.424925e-06,7.696917e-07,4.1030726e-06,1.3240894e-05,3.1623672e-06,4.843378e-07,1.6238091e-06,1.4144142e-06,2.3223076e-06,4.7728663e-06,3.4703353e-06
38,1.7183218e-05,6.323217e-06,1.3606456e-05,4.094918e-07,5.2893327e-05,7.053135e-07,1.1068756e-06,8.70961e-06,6.9143675e-06,1.4676326e-05,3.024037e-07,1.6952732e-05,1.5201102e-05,1.604683e-05,5.0445357e-07,5.316504e-07,4.302973e-06,5.201376e-06,2.0414229e-05,4.3359894e-05,1.3529985e-06,2.3844843e-06,9.4912375e-06,3.2137535e-07,5.286821e-06,5.562223e-06,5.795727e-08,1.2181979e-05,1.1243774e-06,2.3154791e-05,5.5875553e-06,4.2696543e-06,1.2048372e-05,2.35199e-05,1.6840572e-06,1.1693123e-06,2.8352876e-08,1.5642549e-05,4.83177e-07,6.5946574e-06,7.819584e-06,6.458224e-06,2.8440958e-05,1.6166436e-05,2.176611e-06,3.4355573e-06,6.555647e-07,1.0257902e-05,5.7233465e-06,2.0651644e-08
39,3.4797642e-05,2.6130028e-05,4.0107563e-05,6.949834e-06,0.000101888574,1.4587058e-06,1.1218637e-05,2.769259e-05,1.927368e-05,2.9022425e-05,1.0871483e-06,4.7659538e-05,2.7629892e-05,3.6940695e-05,2.586668e-06,3.376815e-06,1.6761362e-05,1.4266834e-05,4.7430207e-05,8.4762454e-05,8.688056e-07,4.0120653e-06,3.091405e-05,6.5527843e-06,1.38214455e-05,1.8539227e-05,7.438704e-09,3.2176067e-05,8.032357e-06,4.4421315e-05,6.623465e-06,2.0529114e-05,3.227419e-05,4.244479e-05,3.6835957e-06,1.6632376e-06,6.12279e-06,3.6501486e-05,9.025894e-06,1.4176922e-05,2.1726808e-05,6.2374775e-06,4.6115194e-05,3.8468283e-05,1.3030056e-05,5.4969087e-06,2.8755753e-08,2.1280704e-05,5.8674073e-06,2.6953442e-06
40,5.2687188e-05,5.5002507e-05,7.491748e-05,2.161471e-05,0.00015106903,2.3366813e-06,2.9113691e-05,5.2480587e-05,3.5838322e-05,4.2738087e-05,6.051614e-06,8.5974025e-05,3.8338265e-05,6.0802548e-05,6.6486464e-06,6.9077864e-06,3.32829e-05,2.4826804e-05,7.835166e-05,0.00012681384,8.642193e-06,5.5515447e-06,6.008151e-05,1.8913224e-05,2.2351911e-05,3.617739e-05,3.9295603e-07,5.434319e-05,1.9030052e-05,6.37554e-05,5.633298e-06,4.6956044e-05,5.77221e-05,6.0775594e-05,5.858459e-06,1.691026e-06,1.9927566e-05,6.004086e-05,2.4814926e-05,2.157704e-05,3.9062797e-05,3.80632e-06,6.143161e-05,6.512093e-05,2.998786e-05,7.4663144e-06,2.6613031e-07,3.1183736e-05,5.46147e-06,1.0816633e-05
41,6.544938e-05,8.410741e-05,0.00010766336,4.126331e-05,0.00018490142,3.4364411e-06,4.8255577e-05,7.511159e-05,5.1985193e-05,5.105766e-05,1.2531877e-05,0.00011952749,4.3515458e-05,8.035547e-05,1.2569463e-05,9.078617e-06,4.767106e-05,3.303098e-05,0.000103554674,0.0001563913,2.1048176e-05,6.9649273e-06,8.814182e-05,3.2884527e-05,2.700745e-05,5.2869924e-05,1.863404e-06,7.014743e-05,3.0081936e-05,7.417539e-05,3.513551e-06,7.5688156e-05,8.0706355e-05,7.259154e-05,7.6455535e-06,1.4864804e-06,3.4579985e-05,7.87923e-05,4.085693e-05,2.6086173e-05,5.4285203e-05,1.2378349e-06,6.962722e-05,8.826497e-05,4.719651e-05,8.982253e-06,1.0223903e-06,3.608424e-05,4.8434426e-06,2.1259813e-05
42,6.9302325e-05,0.00010373672,0.00012742539,5.965077e-05,0.00019237031,4.908989e-06,6.123649e-05,8.777399e-05,6.231868e-05,5.1067032e-05,1.740581e-05,0.00013659109,4.141737e-05,8.910356e-05,1.9372197e-05,8.8445195e-06,5.4504126e-05,3.5763427e-05,0.000114630086,0.00016390353,3.2061216e-05,8.22814e-06,0.000105529216,4.3176406e-05,2.581654e-05,6.2604144e-05,4.9100454e-06,7.351465e-05,3.7162008e-05,7.2051196e-05,1.5740668e-06,9.6141994e-05,9.345164e-05,7.375402e-05,8.571897e-06,1.3592455e-06,4.3057426e-05,8.6483225e-05,5.027109e-05,2.6080692e-05,6.206954e-05,8.5474824e-08,6.801822e-05,0.00010021808,5.8410656e-05,9.620583e-06,1.3091267e-06,3.4242228e-05,4.2026727e-06,2.9876333e-05
43,6.349771e-05,0.00010741859,0.00012757884,7.0121474e-05,0.00017180287,6.7377764e-06,6.3242434e-05,8.626497e-05,6.312778e-05,4.301676e-05,1.8606013e-05,0.00013144789,3.308033e-05,8.416536e-05,2.5173103e-05,6.5830295e-06,5.1605984e-05,3.21274e-05,0.00010810664,0.00014741375,3.6574264e-05,9.125371e-06,0.00010627509,4.609415e-05,1.9656034e-05,6.1755316e-05,9.165748e-06,6.374303e-05,3.794659e-05,5.8702564e-05,4.850848e-07,0.00010035656,9.159522e-05,6.392208e-05,8.372385e-06,1.485899e-06,4.186199e-05,8.079527e-05,4.958208e-05,2.1734588e-05,5.9749324e-05,4.2531667e-08,5.7194386e-05,9.689974e-05,5.9748403e-05,9.010142e-06,7.5937265e-07,2.6766997e-05,3.5395192e-06,3.339372e-05
44,5.0335348e-05,9.4605275e-05,0.00010871359,6.880998e-05,0.00013123204,8.477574e-06,5.416231e-05,7.1745926e-05,5.4215838e-05,3.0110057e-05,1.596575e-05,0.000106865795,2.1718473e-05,6.756182e-05,2.7756614e-05,3.6238953e-06,4.0774677e-05,2.3790662e-05,8.688834e-05,0.000113281174,3.3058393e-05,9.224671e-06,9.0719965e-05,4.1032374e-05,1.1539527e-05,5.0861934e-05,1.3078727e-05,4.5500394e-05,3.263412e-05,3.948564e-05,1.0222044e-07,8.7145214e-05,7.618262e-05,4.6698264e-05,7.0795977e-06,1.8892038e-06,3.2471566e-05,6.423221e-05,3.999817e-05,1.4857272e-05,4.8522594e-05,4.7253256e-08,4.0795232e-05,7.974645e-05,5.1247793e-05,7.1221643e-06,8.917347e-08,1.6841987e-05,2.7624951e-06,3.0817355e-05
45,3.4033277e-05,7.053735e-05,7.8112316e-05,5.65256e-05,8.421458e-05,9.247495e-06,3.8227627e-05,4.9923463e-05,3.898535e-05,1.6859603e-05,1.099813e-05,7.236725e-05,1.11182435e-05,4.5228207e-05,2.5751771e-05,1.2990529e-06,2.6516569e-05,1.4048842e-05,5.862587e-05,7.295967e-05,2.389544e-05,8.137434e-06,6.505264e-05,3.0446563e-05,4.741146e-06,3.43211e-05,1.4603803e-05,2.5980946e-05,2.3569646e-05,2.10039e-05,2.0039526e-08,6.2458974e-05,5.303995e-05,2.7894326e-05,5.0472936e-06,2.3830119e-06,1.9812787e-05,4.2767708e-05,2.6146485e-05,7.95551e-06,3.2728167e-05,4.087633e-08,2.3876795e-05,5.4973338e-05,3.6605994e-05,4.4851304e-06,1.3124465e-07,7.998269e-06,1.8487872e-06,2.3617706e-05
46,1.8974968e-05,4.3502878e-05,4.6008397e-05,3.8197413e-05,4.36713e-05,8.2644265e-06,2.1543274e-05,2.8126502e-05,2.272316e-05,6.946692e-06,5.872317e-06,3.9353163e-05,3.922079e-06,2.4205285e-05,1.965075e-05,1.8756465e-07,1.3638575e-05,6.12279e-06,3.204637e-05,3.7779348e-05,1.3484925e-05,5.9403997e-06,3.808477e-05,1.8397832e-05,1.0109715e-06,1.8106011e-05,1.2685108e-05,1.1119038e-05,1.39663025e-05,8.015135e-06,8.111275e-09,3.58319e-05,2.9859395e-05,1.2784654e-05,2.8814407e-06,2.5513202e-06,9.0033445e-06,2.2980737e-05,1.3303867e-05,2.9950486e-06,1.7634338e-05,6.2297033e-07,1.07180595e-05,3.060002e-05,2.1129197e-05,2.027478e-06,7.7335653e-07,2.4325852e-06,9.4635425e-07,1.4756355e-05
47,8.141855e-06,2.1045442e-05,2.09084e-05,2.0254574e-05,1.6905156e-05,5.6474537e-06,9.00728e-06,1.1966994e-05,1.0026702e-05,1.7157638e-06,2.219558e-06,1.5907217e-05,6.550822e-07,9.48573e-06,1.1769051e-05,6.7168493e-09,5.0848575e-06,1.6248727e-06,1.3182832e-05,1.4442075e-05,5.5431215e-06,3.332492e-06,1.7114107e-05,8.5467855e-06,8.8465555e-09,6.7445853e-06,8.243193e-06,3.0766755e-06,6.4237342e-06,1.6928867e-06,4.1823434e-09,1.5350663e-05,1.2639295e-05,3.904157e-06,1.1885983e-06,2.0572916e-06,2.6666512e-06,9.227205e-06,4.7932017e-06,5.858115e-07,6.9942166e-06,1.4502234e-06,3.177224e-06,1.2750577e-05,9.214536e-06,5.132975e-07,1.1913291e-06,2.5565785e-07,3.0057095e-07,7.1368063e-06
48,2.3052626e-06,7.0637475e-06,6.393858e-06,7.514274e-06,4.0794425e-06,2.6076082e-06,2.354025e-06,3.2837079e-06,2.871736e-06,1.1514433e-07,4.726287e-07,4.0044283e-06,6.864198e-11,2.2206236e-06,4.9646114e-06,1.0463569e-07,1.1165539e-06,1.300382e-07,3.4541429e-06,3.3490517e-06,1.4002723e-06,1.2518002e-06,5.133089e-06,2.668209e-06,1.6249462e-07,1.3784927e-06,3.5919684e-06,3.5733493e-07,2.019508e-06,5.2005603e-08,9.323742e-11,4.177539e-06,3.4130567e-06,5.316504e-07,2.7976864e-07,1.0831745e-06,3.504561e-07,2.325397e-06,9.668746e-07,7.479887e-09,1.689786e-06,1.4472104e-06,4.003889e-07,3.3516699e-06,2.6014518e-06,2.3392332e-08,9.150739e-07,2.6867397e-08,3.0541344e-08,2.3587827e-06
49,2.734988e-07,1.1307066e-06,8.740359e-07,1.3606357e-06,3.5505823e-07,5.6626925e-07,2.2828408e-07,3.6277123e-07,3.3779912e-07,1.4770482e-08,2.5497972e-08,3.66731e-07,8.083454e-08,1.6206242e-07,1.0450549e-06,7.70831e-08,7.364707e-08,9.590369e-09,3.5038553e-07,2.5457405e-07,1.2888012e-07,2.1261462e-07,6.7716724e-07,3.7311133e-07,1.7788358e-07,6.062763e-08,7.350545e-07,7.677059e-11,2.945236e-07,5.1517418e-08,2.1118787e-09,4.442211e-07,3.5976188e-07,9.422685e-10,1.686843e-08,2.571065e-07,1.1261001e-09,2.1697923e-07,4.746079e-08,3.5072972e-08,1.3824548e-07,5.580464e-07,4.604317e-12,3.3282902e-07,2.9991776e-07,1.4196647e-08,2.9913485e-07,1.1644241e-07,1.5569555e-09,3.634177e-07
50,0.0,0.0,0.0,0.0,0.0,0.0,0.0,0.0,0.0,0.0,0.0,0.0,0.0,0.0,0.0,0.0,0.0,0.0,0.0,0.0,0.0,0.0,0.0,0.0,3.5527137e-15,0.0,0.0,0.0,0.0,0.0,0.0,0.0,0.0,0.0,0.0,0.0,0.0,0.0,0.0,0.0,0.0,0.0,0.0,0.0,0.0,0.0,0.0,0.0,0.0,0.0
51,5.8850347e-10,1.7853779e-07,2.9181834e-08,3.6507248e-07,7.423054e-08,2.0133507e-07,3.0980406e-08,6.3887775e-09,1.816236e-09,4.6690934e-07,5.7014077e-08,6.5781364e-08,7.2132167e-07,1.348974e-07,4.9333926e-07,1.6076928e-07,6.676339e-08,4.4438002e-07,2.2992936e-08,1.4411285e-07,1.6057825e-08,2.3795167e-08,1.23306485e-08,1.4799472e-08,5.308684e-07,2.6705357e-07,2.230741e-07,2.0391076e-07,2.6265074e-08,7.46546e-07,7.465337e-08,2.0720226e-08,1.9072704e-08,4.3639008e-07,4.4975096e-08,8.7015195e-08,1.7562826e-07,3.0624733e-08,1.1494217e-07,4.0144562e-07,5.5347048e-08,5.853554e-07,4.2434692e-07,3.529658e-08,2.4005118e-09,2.866837e-07,2.9484715e-07,6.4508623e-07,1.1778867e-07,4.116606e-08
52,3.6183843e-07,3.685884e-08,1.7066796e-07,3.38007e-07,1.7757723e-06,2.196528e-07,9.570533e-07,6.618535e-07,4.9761877e-07,3.2945177e-06,6.9902035e-07,1.7185756e-06,4.713672e-06,2.1838277e-06,1.0400644e-06,6.340275e-07,9.597375e-07,3.3090307e-06,1.0130101e-06,2.5126242e-06,4.42237e-07,2.1283455e-09,2.2318672e-07,6.12751e-08,2.4530802e-06,3.0892343e-06,1.9302476e-07,1.2998682e-06,2.1836968e-09,4.9163873e-06,7.4767945e-07,1.1514629e-06,9.859572e-07,3.7537086e-06,6.147179e-07,5.4843387e-08,1.2751152e-06,8.9117066e-07,1.3225276e-06,2.666262e-06,1.0690769e-06,1.6414782e-06,3.5745927e-06,1.2415513e-06,4.6316984e-07,2.037505e-06,9.637123e-07,3.744245e-06,9.567035e-07,4.106937e-12
53,2.7724107e-06,3.6955186e-07,2.6678194e-06,1.6187052e-09,8.957261e-06,1.1910153e-09,5.1951247e-06,4.2990173e-06,3.5750436e-06,1.0294588e-05,2.8557988e-06,8.824323e-06,1.4462468e-05,1.0196524e-05,9.219288e-07,1.1597926e-06,4.106212e-06,1.0815065e-05,5.864809e-06,1.1870691e-05,2.1546823e-06,3.3620745e-07,2.6547898e-06,1.0701865e-06,5.2898363e-06,1.2707196e-05,1.279831e-08,3.22607e-06,3.253749e-07,1.467039e-05,3.1948848e-06,7.0021e-06,5.931396e-06,1.3427202e-05,2.7817475e-06,5.8187087e-08,3.7081174e-06,4.7224753e-06,5.1490365e-06,8.193981e-06,5.1252596e-06,1.8862556e-06,1.273143e-05,6.967759e-06,3.206188e-06,6.4512583e-06,1.6180418e-06,1.0293441e-05,3.3449078e-06,2.9510613e-07
54,9.487933e-06,3.2826279e-06,1.0762988e-05,1.3177338e-06,2.4869589e-05,6.027201e-07,1.4982978e-05,1.3358709e-05,1.1707379e-05,2.1459806e-05,7.020092e-06,2.4410403e-05,3.0612548e-05,2.7864742e-05,3.4469315e-07,1.4107305e-06,1.0339388e-05,2.3473094e-05,1.7404318e-05,3.246681e-05,5.5164905e-06,1.8637295e-06,9.954358e-06,4.4222365e-06,7.6024344e-06,3.2291126e-05,1.1888583e-06,4.773387e-06,1.7479236e-06,2.9453655e-05,8.760344e-06,2.1421167e-05,1.801887e-05,3.1434538e-05,7.5705852e-06,1.1867795e-06,6.848073e-06,1.3415411e-05,1.2137915e-05,1.725247e-05,1.3869795e-05,9.943793e-07,2.9895884e-05,2.053992e-05,1.0230812e-05,1.3572179e-05,1.9999045e-06,1.9475172e-05,7.664684e-06,1.7428839e-06
55,2.1732365e-05,1.0223569e-05,2.586805e-05,6.5656072e-06,4.9094746e-05,3.263218e-06,3.017878e-05,2.813156e-05,2.5667148e-05,3.4233162e-05,1.2507412e-05,4.717604e-05,5.0791394e-05,5.52716e-05,4.7805315e-11,1.306264e-06,1.8900784e-05,3.881657e-05,3.5771984e-05,6.435743e-05,9.76421e-06,5.1986576e-06,2.2957884e-05,1.072001e-05,8.146278e-06,6.0740284e-05,5.3445383e-06,4.7689605e-06,4.82431e-06,4.5325265e-05,1.7778806e-05,4.5275523e-05,3.770611e-05,5.6116754e-05,1.5006983e-05,4.7432227e-06,9.432568e-06,2.6798461e-05,2.0893684e-05,2.8371704e-05,2.6791056e-05,5.4899235e-08,5.379271e-05,4.225705e-05,2.184644e-05,2.165907e-05,2.0330833e-06,2.8642207e-05,1.3287784e-05,4.755433e-06
56,3.8390688e-05,2.042177e-05,4.571051e-05,1.6518225e-05,7.6508644e-05,8.144576e-06,4.728664e-05,4.5673445e-05,4.3220283e-05,4.4393513e-05,1.7420734e-05,7.0563394e-05,6.993592e-05,8.71786e-05,5.256698e-07,1.0302402e-06,2.7441603e-05,5.1882962e-05,5.7173653e-05,0.00010166608,1.3350432e-05,1.0150517e-05,3.9270948e-05,1.8948494e-05,6.8409e-06,9.1546164e-05,1.2570731e-05,3.3361925e-06,9.501524e-06,5.6530083e-05,2.8492475e-05,7.4693744e-05,6.119825e-05,8.179702e-05,2.3529728e-05,1.0978371e-05,1.0487877e-05,4.1947646e-05,2.8466393e-05,3.86163e-05,4.0692506e-05,5.4714667e-07,7.936368e-05,6.786101e-05,3.5634508e-05,2.7718943e-05,1.7458754e-06,3.4511322e-05,1.859933e-05,8.78188e-06
57,5.579039e-05,3.0729403e-05,6.4617816e-05,2.942067e-05,9.890491e-05,1.3785128e-05,6.053977e-05,6.0599148e-05,5.946769e-05,4.8100017e-05,1.9480432e-05,8.5423344e-05,8.2102415e-05,0.000114228395,2.1891158e-06,8.064104e-07,3.3032353e-05,5.744258e-05,7.493812e-05,0.00013398162,1.4906938e-05,1.5558739e-05,5.3814572e-05,2.658844e-05,4.6527894e-06,0.00011483055,2.0721307e-05,1.6557128e-06,1.497698e-05,5.8455305e-05,3.7142392e-05,0.000101884965,8.1338374e-05,0.0001006362,3.0310555e-05,1.8352353e-05,9.8463315e-06,5.4108805e-05,3.1851636e-05,4.4658398e-05,5.0821985e-05,2.89542e-06,9.926089e-05,8.963548e-05,4.704594e-05,2.9005088e-05,1.2231568e-06,3.4823664e-05,2.1680713e-05,1.2376221e-05
58,6.886142e-05,3.7034217e-05,7.592584e-05,4.1374416e-05,0.00010851357,1.7742132e-05,6.459578e-05,6.750108e-05,6.8863395e-05,4.3882683e-05,1.7312435e-05,8.496781e-05,8.299923e-05,0.00012681518,4.8007732e-06,7.450018e-07,3.3595174e-05,5.2764226e-05,8.247117e-05,0.00015052885,1.4018475e-05,1.9639654e-05,6.112646e-05,3.0702315e-05,2.6851767e-06,0.00012181782,2.6305821e-05,6.463315e-07,1.9869603e-05,5.022377e-05,3.961834e-05,0.00011824589,9.0710884e-05,0.00010594722,3.2522534e-05,2.4019722e-05,7.982095e-06,5.882593e-05,2.9654555e-05,4.4230834e-05,5.3141575e-05,5.904716e-06,0.00010680172,9.977463e-05,5.1448533e-05,2.4609293e-05,6.1940005e-07,2.95145e-05,2.1277407e-05,1.3891558e-05
59,7.318284e-05,3.64295e-05,7.5183925e-05,4.798434e-05,0.000101579564,1.7961735e-05,5.7386576e-05,6.359179e-05,6.782173e-05,3.3359283e-05,1.15103885e-05,6.888417e-05,7.198948e-05,0.000119726974,7.705001e-06,8.542004e-07,2.8921686e-05,3.9298593e-05,7.651699e-05,0.00014506254,1.1318279e-05,2.0688762e-05,5.8124926e-05,2.9418728e-05,1.4456332e-06,0.000109302295,2.6469323e-05,3.356547e-07,2.264027e-05,3.5155786e-05,3.3960292e-05,0.000118113705,8.5355045e-05,9.5376745e-05,2.8875545e-05,2.536126e-05,5.545367e-06,5.40527e-05,2.2804492e-05,3.722235e-05,4.643551e-05,7.5512453e-06,9.899977e-05,9.423229e-05,4.6572084e-05,1.6114232e-05,1.551316e-07,2.064649e-05,1.7434668e-05,1.2417354e-05
60,6.699372e-05,2.8903738e-05,6.242412e-05,4.6468824e-05,8.018245e-05,1.4075216e-05,4.1415835e-05,5.0167182e-05,5.651664e-05,2.035879e-05,4.678023e-06,4.381953e-05,5.2485768e-05,9.498016e-05,9.851944e-06,1.0635375e-06,2.0728905e-05,2.2157334e-05,5.8961326e-05,0.000118954726,7.931655e-06,1.7915285e-05,4.5762914e-05,2.2995597e-05,8.5806096e-07,8.1533086e-05,2.0826716e-05,4.8168664e-07,2.2192698e-05,1.8928262e-05,2.2016153e-05,0.00010129501,6.6935194e-05,7.216356e-05,2.0525875e-05,2.1560983e-05,3.0927972e-06,4.1267904e-05,1.3986357e-05,2.5882604e-05,3.3054966e-05,6.5299173e-06,7.806386e-05,7.480299e-05,3.3927652e-05,6.975313e-06,1.6422419e-10,1.1320284e-05,1.15018975e-05,8.418325e-06
61,5.2081505e-05,1.7506418e-05,4.2209016e-05,3.7116966e-05,5.143913e-05,7.775311e-06,2.2651615e-05,3.19769e-05,3.8878985e-05,9.029834e-06,3.5655148e-07,1.9714744e-05,3.0559804e-05,6.109571e-05,1.011333e-05,1.1943237e-06,1.1796876e-05,7.686812e-06,3.603556e-05,8.076527e-05,4.8465913e-06,1.2066172e-05,2.8613504e-05,1.3834301e-05,6.562405e-07,4.8239013e-05,1.1878085e-05,1.1699569e-06,1.8437737e-05,6.663101e-06,8.995835e-06,7.314103e-05,4.2072043e-05,4.386926e-05,1.0667384e-05,1.4184105e-05,1.1041182e-06,2.487375e-05,6.2062554e-06,1.3904001e-05,1.7857808e-05,3.4033733e-06,5.058346e-05,4.833925e-05,1.8313562e-05,9.799296e-07,1.2058719e-07,4.218083e-06,5.5212513e-06,3.6685108e-06
62,3.312628e-05,6.835289e-06,2.1502348e-05,2.332317e-05,2.4438683e-05,2.1085607e-06,7.639622e-06,1.500375e-05,2.0740305e-05,2.0850844e-06,1.2653074e-06,4.404206e-06,1.244215e-05,2.9149724e-05,7.975361e-06,1.0289097e-06,4.7064277e-06,4.935905e-07,1.5440937e-05,4.2464984e-05,2.5702059e-06,5.4106076e-06,1.2665585e-05,5.3981366e-06,6.274004e-07,2.002667e-05,3.7615653e-06,2.457003e-06,1.2488447e-05,7.3617923e-07,9.1006325e-07,4.229348e-05,1.9169674e-05,1.909511e-05,3.0213068e-06,6.3706684e-06,6.083327e-08,1.0282352e-05,1.4333331e-06,4.804431e-06,5.92356e-06,4.930881e-07,2.4762103e-05,2.344942e-05,5.6157696e-06,5.7871637e-07,2.7256448e-07,5.966274e-07,1.3675972e-06,4.5501199e-07
63,1.5735095e-05,7.685417e-07,6.5198687e-06,1.009249e-05,6.4258497e-06,9.766282e-09,4.944284e-07,3.8382495e-06,7.22241e-06,3.4120262e-11,7.825252e-06,3.6097845e-09,2.1325163e-06,7.816251e-06,4.2163697e-06,5.433616e-07,8.3187217e-07,1.5871055e-06,2.9324558e-06,1.4352966e-05,1.1595359e-06,8.3111127e-07,2.6164707e-06,6.039238e-07,6.175251e-07,3.7205236e-06,5.9691985e-08,3.766191e-06,6.302849e-06,3.8020795e-07,1.3997081e-06,1.7193104e-05,4.544147e-06,3.967063e-06,1.9921572e-08,1.1850918e-06,3.7917957e-07,1.6524932e-06,1.5967316e-10,4.42237e-07,3.4883485e-07,5.052159e-07,7.1065842e-06,6.6889743e-06,1.0306066e-07,5.8743394e-06,2.2703274e-07,1.1433673e-07,2.2382451e-10,4.5268303e-07
64,4.208907e-06,6.440813e-07,2.4480542e-07,1.7818139e-06,5.26601e-08,2.8026632e-06,1.3824144e-06,1.7746604e-08,7.3966095e-07,1.3612615e-06,1.7789363e-05,3.0560097e-06,2.1091404e-07,9.782843e-08,8.828625e-07,6.795454e-08,3.8198213e-08,8.419881e-06,1.5290937e-07,1.2335282e-06,4.219043e-07,3.510209e-07,6.075979e-08,5.3810203e-07,5.183489e-07,1.572044e-07,2.008765e-06,4.134403e-06,1.8187616e-06,2.8897432e-06,9.870287e-06,3.0101278e-06,5.5571636e-10,6.430685e-08,1.7588943e-06,1.2143731e-07,2.1461165e-06,3.177028e-07,8.8465555e-07,4.5036003e-07,1.1942585e-06,4.7789886e-06,1.820557e-07,2.0170967e-07,2.6648022e-06,1.4623626e-05,3.9443023e-08,1.3730396e-06,1.1397881e-06,3.851573e-06
65,4.685245e-08,4.896451e-06,1.7141247e-06,2.2666369e-07,2.937255e-06,9.487566e-06,7.1175523e-06,1.9954396e-06,5.277895e-07,3.916533e-06,2.7203883e-05,7.719898e-06,4.2036504e-06,3.197762e-06,1.2757815e-07,1.2573267e-07,1.0859058e-06,1.6533733e-05,4.654075e-06,1.5401513e-06,1.09925956e-07,3.9357838e-06,3.358002e-06,4.136221e-06,3.1699767e-07,5.1185148e-06,8.064485e-06,3.134974e-06,3.8982705e-08,5.3789045e-06,2.1967515e-05,2.3537247e-07,2.922869e-06,4.6017594e-06,6.214128e-06,2.5905997e-06,4.851185e-06,4.6052123e-06,2.5064867e-06,2.7932913e-06,5.9527542e-06,1.2292488e-05,2.321581e-06,1.809449e-06,1.0797431e-05,2.3204437e-05,7.195844e-08,2.7730061e-06,3.4875673e-06,9.218154e-06
66,1.8359236e-06,1.0171796e-05,7.164699e-06,4.1914386e-06,9.590656e-06,1.7207194e-05,1.3213797e-05,6.451864e-06,3.6870283e-06,5.6962854e-06,3.2196695e-05,9.492156e-06,1.0125655e-05,1.1051367e-05,2.61676e-06,1.0122903e-06,2.427382e-06,2.1757101e-05,1.17230875e-05,9.343081e-06,1.5340916e-08,9.424331e-06,8.946026e-06,8.902757e-06,1.0856661e-07,1.2351281e-05,1.4919368e-05,1.4024596e-06,6.2966865e-07,6.0850916e-06,3.192973e-05,5.315503e-06,8.429223e-06,1.2415464e-05,1.0487298e-05,6.525958e-06,7.4013096e-06,1.0941471e-05,3.5369405e-06,5.037389e-06,1.1068216e-05,2.0062696e-05,9.128433e-06,6.9757853e-06,2.0142601e-05,2.8116703e-05,6.9852206e-07,3.2313178e-06,5.394675e-06,1.4163012e-05
67,6.3706684e-06,1.31811e-05,1.2192175e-05,1.0305301e-05,1.4481741e-05,2.2648495e-05,1.6140322e-05,1.0081889e-05,6.9327175e-06,5.722063e-06,3.0700005e-05,7.2548037e-06,1.432904e-05,1.7697721e-05,6.8385616e-06,2.4856754e-06,2.9512667e-06,2.1871798e-05,1.6832448e-05,1.7735354e-05,7.3550055e-10,1.3707119e-05,1.3219647e-05,1.2209455e-05,4.8135576e-09,1.6736236e-05,1.9247784e-05,1.5372622e-07,2.2560257e-06,4.7834196e-06,3.5372053e-05,1.2792753e-05,1.2102846e-05,1.852178e-05,1.2286637e-05,9.600812e-06,8.557244e-06,1.5611682e-05,3.377253e-06,5.5702385e-06,1.3627571e-05,2.4683566e-05,1.5765138e-05,1.1314068e-05,2.6586595e-05,2.7384805e-05,1.938679e-06,2.5175395e-06,5.6773806e-06,1.6461829e-05
68,1.0307213e-05,1.2287473e-05,1.3764113e-05,1.4868761e-05,1.4574206e-05,2.362321e-05,1.4649166e-05,1.09536995e-05,8.090742e-06,4.145075e-06,2.3305038e-05,3.0186136e-06,1.4834306e-05,1.9698604e-05,1.00274565e-05,3.853913e-06,2.3674872e-06,1.7168892e-05,1.7476006e-05,2.180133e-05,1.8545387e-09,1.4431883e-05,1.4033878e-05,1.2478971e-05,2.3029102e-08,1.6125958e-05,1.9211453e-05,1.9633843e-07,3.4290422e-06,2.4310052e-06,3.1087286e-05,1.7818034e-05,1.1846881e-05,2.0030138e-05,1.0879258e-05,1.033134e-05,7.598819e-06,1.6313677e-05,2.2222227e-06,4.1849735e-06,1.247076e-05,2.407087e-05,1.8884462e-05,1.2347719e-05,2.7854046e-05,2.1319493e-05,3.348397e-06,1.1695702e-06,4.1859494e-06,1.5077721e-05
69,1.1525561e-05,8.101936e-06,1.1251403e-05,1.5554271e-05,1.0206994e-05,1.9948326e-05,9.846519e-06,8.944957e-06,6.721386e-06,1.923108e-06,1.2988349e-05,1.4688659e-07,1.1735539e-05,1.6778937e-05,1.0049174e-05,4.395704e-06,1.147054e-06,9.934433e-06,1.3750185e-05,2.0001604e-05,2.9426715e-08,1.1226025e-05,1.1278009e-05,9.73871e-06,7.484893e-08,1.1414333e-05,1.50578235e-05,1.3448989e-06,3.3189049e-06,4.629265e-07,2.1193082e-05,1.7928152e-05,8.224038e-06,1.6744041e-05,7.1626255e-06,8.572769e-06,4.8418688e-06,1.2909419e-05,8.080706e-07,1.888057e-06,8.3784225e-06,1.8474866e-05,1.7504175e-05,9.948716e-06,2.4020306e-05,1.2350862e-05,4.267561e-06,1.2459397e-07,1.8402066e-06,1.0606538e-05
70,9.688645e-06,3.020478e-06,6.2565464e-06,1.2227477e-05,4.2432157e-06,1.3317458e-05,4.2518145e-06,5.3295294e-06,3.8426297e-06,2.8062053e-07,3.9235547e-06,1.3932631e-06,6.723009e-06,1.094088e-05,6.8355225e-06,3.8108565e-06,1.5203658e-07,3.3057247e-06,7.752475e-06,1.3856812e-05,1.648941e-07,5.8210094e-06,6.511121e-06,5.4027078e-06,6.6018536e-08,5.3472945e-06,8.753818e-06,2.6586758e-06,2.082073e-06,1.1989479e-07,9.928986e-06,1.3505507e-05,3.53229e-06,1.0583935e-05,3.0124552e-06,5.322514e-06,1.6617774e-06,7.1979225e-06,1.815387e-08,2.0042677e-07,3.487901e-06,1.0311329e-05,1.2738342e-05,5.7169314e-06,1.6972126e-05,4.09553e-06,4.2292304e-06,2.6536216e-07,1.5705082e-07,5.0165418e-06
71,5.961265e-06,8.8977785e-08,1.6008014e-06,6.709493e-06,3.271794e-07,6.357812e-06,5.3895496e-07,1.897939e-06,1.1169318e-06,1.9690668e-07,8.804559e-09,7.689457e-06,2.1436285e-06,4.9541254e-06,2.462986e-06,2.3917148e-06,1.7436908e-07,7.439303e-08,2.3590114e-06,6.5408885e-06,5.3413055e-07,1.1856109e-06,2.0583605e-06,1.5381547e-06,8.243328e-09,9.416634e-07,2.9857206e-06,3.1887087e-06,6.190483e-07,2.0247207e-06,1.8672708e-06,7.018592e-06,3.9021458e-07,4.3561163e-06,3.518336e-07,2.0896055e-06,8.7153005e-09,1.997587e-06,5.239426e-07,3.8158743e-07,3.1338368e-07,3.083946e-06,6.8421473e-06,1.8300327e-06,9.324598e-06,7.296122e-08,3.2412363e-06,2.063366e-06,5.3075985e-07,8.566812e-07
72,2.208206e-06,1.791454e-06,4.8807685e-08,1.7816548e-06,1.2092215e-06,1.4760705e-06,5.0179005e-07,1.0304152e-07,3.6950443e-12,2.0873658e-06,3.663147e-06,1.7980054e-05,2.5521771e-08,1.0099229e-06,2.5612312e-08,8.6566945e-07,1.5949245e-06,1.835641e-06,9.896301e-09,1.2781121e-06,1.2526673e-06,2.3999277e-07,1.6099394e-08,4.1371906e-10,4.3377863e-08,2.4480542e-07,9.747454e-08,2.6027017e-06,2.5307259e-09,6.0656985e-06,3.5165684e-07,1.6692388e-06,5.564446e-07,5.3332496e-07,3.969078e-07,2.0088066e-07,1.6629301e-06,8.557436e-09,2.560516e-06,2.9192017e-06,8.2771857e-07,4.7455657e-09,2.1032843e-06,2.9554663e-08,3.3544532e-06,2.5978e-06,1.7735887e-06,5.4246198e-06,3.6220233e-06,3.2965585e-07
73,1.301672e-07,9.2304645e-06,3.3171134e-06,1.9963657e-08,7.818251e-06,1.9015125e-08,4.57533e-06,5.542459e-07,1.1877537e-06,5.730906e-06,1.5261001e-05,2.9854835e-05,1.4460991e-06,4.626085e-08,2.1366093e-06,3.0400884e-08,4.2647293e-06,8.683595e-06,1.9413355e-06,1.6711618e-07,2.3593777e-06,4.7762524e-06,1.5699192e-06,1.8077657e-06,3.6345367e-07,3.785417e-06,1.3582381e-06,1.3267465e-06,9.301309e-07,1.1523435e-05,6.649261e-06,6.437489e-08,4.3877094e-06,4.7119562e-07,3.3187418e-06,3.3918624e-07,7.573701e-06,2.915384e-06,5.8806977e-06,7.4199693e-06,5.8814926e-06,2.9242449e-06,3.8601172e-08,1.0589324e-06,3.3167805e-07,1.2190614e-05,5.047288e-07,9.747454e-06,9.109174e-06,4.593899e-06
74,6.750108e-07,2.1900938e-05,1.16313295e-05,2.918998e-06,1.9202833e-05,2.0121454e-06,1.1914267e-05,2.952598e-06,4.489739e-06,1.04067685e-05,3.324423e-05,4.0508876e-05,6.3395646e-06,1.7406813e-06,9.874781e-06,4.1287433e-07,7.6009555e-06,1.9396472e-05,7.991781e-06,3.7153518e-06,3.7685625e-06,1.4959109e-05,6.7509336e-06,6.913819e-06,1.0886404e-06,1.0685789e-05,6.7310475e-06,2.243286e-07,3.449215e-06,1.7336872e-05,1.9900303e-05,3.4256766e-06,1.0943345e-05,4.1974204e-06,8.345331e-06,2.4186143e-06,1.7544971e-05,1.0974225e-05,9.861955e-06,1.2839378e-05,1.5070664e-05,1.1905525e-05,1.0712658e-06,4.61097e-06,3.6859228e-07,2.7601702e-05,7.13849e-11,1.4134762e-05,1.5839063e-05,1.34939e-05
75,3.849146e-06,3.7984788e-05,2.383742e-05,1.0556272e-05,3.3116765e-05,6.413881e-06,2.0848618e-05,6.364915e-06,9.038612e-06,1.5153963e-05,5.4731976e-05,4.7628888e-05,1.3696088e-05,4.9497485e-06,2.252032e-05,2.088787e-06,1.0819721e-05,3.19384e-05,1.68858e-05,1.1008905e-05,5.27008e-06,2.9442415e-05,1.4601126e-05,1.4361887e-05,2.1827489e-06,1.9191342e-05,1.5087038e-05,1.1048989e-07,7.0038354e-06,2.240753e-05,3.767281e-05,1.1429744e-05,1.8506007e-05,1.06671405e-05,1.4145857e-05,5.7511147e-06,3.0332956e-05,2.3101404e-05,1.371054e-05,1.7890505e-05,2.6985617e-05,2.5431698e-05,4.643858e-06,9.640884e-06,2.6724215e-06,4.6319725e-05,4.925546e-07,1.7671215e-05,2.2259437e-05,2.5722591e-05
76,8.883472e-06,5.4949585e-05,3.788594e-05,2.1756963e-05,4.68494e-05,1.16501915e-05,2.947242e-05,9.648937e-06,1.3678061e-05,1.9042795e-05,7.632693e-05,4.9932623e-05,2.1987495e-05,8.290493e-06,3.7986163e-05,4.7070744e-06,1.3191219e-05,4.4061435e-05,2.676692e-05,2.0255111e-05,6.5800095e-06,4.5900815e-05,2.3579196e-05,2.2671547e-05,3.4509587e-06,2.732534e-05,2.4682307e-05,1.3845528e-06,1.0703331e-05,2.585335e-05,5.6782446e-05,2.2553852e-05,2.5232277e-05,1.8262328e-05,1.9309286e-05,9.365732e-06,4.403572e-05,3.7310496e-05,1.6680748e-05,2.1448279e-05,3.9674447e-05,4.1020536e-05,9.596518e-06,1.4824322e-05,6.0005127e-06,6.5303466e-05,1.8396607e-06,1.9659008e-05,2.6917232e-05,3.9273e-05
77,1.4596287e-05,7.023382e-05,5.1464245e-05,3.4583052e-05,5.7982437e-05,1.617776e-05,3.615176e-05,1.18493945e-05,1.7342643e-05,2.1399792e-05,9.489218e-05,4.7319332e-05,2.962762e-05,1.0628533e-05,5.3575117e-05,7.656312e-06,1.4237188e-05,5.3823973e-05,3.5752735e-05,2.9431178e-05,7.423014e-06,6.172487e-05,3.203675e-05,3.0295625e-05,4.6096584e-06,3.3437478e-05,3.3681426e-05,3.917093e-06,1.365597e-05,2.7168222e-05,7.412599e-05,3.468232e-05,2.967931e-05,2.5323228e-05,2.2730475e-05,1.2338767e-05,5.6605062e-05,5.1314164e-05,1.825284e-05,2.2827553e-05,5.1151615e-05,5.5967834e-05,1.4611833e-05,1.8975163e-05,9.115741e-06,8.170648e-05,3.630394e-06,1.9772679e-05,2.885457e-05,5.198745e-05
78,1.9778312e-05,8.175646e-05,6.2526706e-05,4.690939e-05,6.488221e-05,1.8896832e-05,3.9853545e-05,1.2438524e-05,1.9319894e-05,2.1916352e-05,0.00010811113,4.069764e-05,3.534423e-05,1.1353448e-05,6.676146e-05,1.0280584e-05,1.382211e-05,5.992361e-05,4.2370553e-05,3.6811387e-05,7.614704e-06,7.462254e-05,3.859769e-05,3.5976904e-05,5.3864583e-06,3.6535614e-05,4.0588013e-05,7.16795e-06,1.523313e-05,2.6279155e-05,8.7273795e-05,4.5711316e-05,3.1098836e-05,3.054539e-05,2.3835455e-05,1.4033599e-05,6.630275e-05,6.3036765e-05,1.8221659e-05,2.1891456e-05,5.9812923e-05,6.7967965e-05,1.8581726e-05,2.1318941e-05,1.1114866e-05,9.338971e-05,5.362156e-06,1.8088833e-05,2.7799966e-05,6.203222e-05
79,2.3495551e-05,8.8252156e-05,6.967715e-05,5.69094e-05,6.68985e-05,1.9330868e-05,4.024163e-05,1.1392192e-05,1.9366196e-05,2.0657122e-05,0.000114741706,3.1605163e-05,3.8386628e-05,1.0421724e-05,7.571486e-05,1.2065576e-05,1.2136254e-05,6.1827064e-05,4.5780253e-05,4.128499e-05,7.114412e-06,8.301654e-05,4.2399948e-05,3.8972466e-05,5.6086387e-06,3.636832e-05,4.448803e-05,1.0418862e-05,1.5200376e-05,2.3490424e-05,9.478465e-05,5.399876e-05,2.9491757e-05,3.319081e-05,2.2620066e-05,1.42004965e-05,7.200611e-05,7.100104e-05,1.6706592e-05,1.8999577e-05,6.467419e-05,7.5502176e-05,2.0817197e-05,2.1590538e-05,1.1575849e-05,9.9202254e-05,6.610624e-06,1.5027164e-05,2.4151575e-05,6.8203364e-05
80,2.5238453e-05,8.933749e-05,7.230153e-05,6.33575e-05,6.425801e-05,1.7615603e-05,3.761014e-05,9.100361e-06,1.7663855e-05,1.798413e-05,0.00011460711,2.179187e-05,3.857145e-05,8.248049e-06,7.9548576e-05,1.2739911e-05,9.601574e-06,5.9711092e-05,4.5808338e-05,4.244945e-05,6.028634e-06,8.620595e-05,4.3157706e-05,3.9096612e-05,5.2456494e-06,3.3314245e-05,4.510663e-05,1.3011425e-05,1.3705933e-05,1.937646e-05,9.6264404e-05,5.8596263e-05,2.5453834e-05,3.311415e-05,1.9536179e-05,1.2964248e-05,7.330335e-05,7.44787e-05,1.4072953e-05,1.4848112e-05,6.543877e-05,7.796936e-05,2.1106462e-05,1.9974823e-05,1.0547826e-05,9.897894e-05,7.130538e-06,1.1209031e-05,1.8784063e-05,7.0026676e-05
81,2.4938448e-05,8.541839e-05,7.052459e-05,6.573648e-05,5.7862395e-05,1.4324922e-05,3.2690157e-05,6.2006143e-06,1.4699997e-05,1.4436412e-05,0.000108426815,1.2840125e-05,3.618837e-05,5.492822e-06,7.8281046e-05,1.228951e-05,6.742109e-06,5.4284876e-05,4.28339e-05,4.0520925e-05,4.5766847e-06,8.431006e-05,4.109979e-05,3.664468e-05,4.4026424e-06,2.8188731e-05,4.2721043e-05,1.4505965e-05,1.1176005e-05,1.4635595e-05,9.218751e-05,5.92721e-05,1.994014e-05,3.065758e-05,1.5313204e-05,1.0710474e-05,7.044228e-05,7.3475494e-05,1.082683e-05,1.0266161e-05,6.241647e-05,7.558694e-05,1.964104e-05,1.697142e-05,8.425979e-06,9.3371425e-05,6.8838385e-06,7.314266e-06,1.2805468e-05,6.770048e-05
82,2.2885115e-05,7.745285e-05,6.502524e-05,6.417024e-05,4.8966616e-05,1.0262735e-05,2.6425221e-05,3.3836434e-06,1.1104137e-05,1.0598411e-05,9.751554e-05,5.9065446e-06,3.185826e-05,2.8595396e-06,7.2654715e-05,1.091321e-05,4.057314e-06,4.6573456e-05,3.7605914e-05,3.6156554e-05,3.0320264e-06,7.80784e-05,3.6811e-05,3.2235454e-05,3.278168e-06,2.1983076e-05,3.7998103e-05,1.4743936e-05,8.168547e-06,9.951748e-06,8.36537e-05,5.6398796e-05,1.3992864e-05,2.646984e-05,1.0752492e-05,7.954439e-06,6.4163025e-05,6.857736e-05,7.495139e-06,6.034041e-06,5.6354493e-05,6.919544e-05,1.6882617e-05,1.3225337e-05,5.7894686e-06,8.3588566e-05,6.005889e-06,3.9419424e-06,7.282765e-06,6.193877e-05
83,1.9587107e-05,6.6711946e-05,5.6834448e-05,5.926909e-05,3.8907096e-05,6.2487125e-06,1.976693e-05,1.2334372e-06,7.4918657e-06,6.9896164e-06,8.348179e-05,1.6092116e-06,2.634925e-05,9.246564e-07,6.383752e-05,8.933384e-06,1.9292347e-06,3.768724e-05,3.1036354e-05,3.0233836e-05,1.6564176e-06,6.865806e-05,3.1066807e-05,2.6642674e-05,2.1035112e-06,1.5651596e-05,3.179084e-05,1.3822166e-05,5.2272276e-06,5.883381e-06,7.208155e-05,5.0744704e-05,8.538021e-06,2.1327045e-05,6.564901e-06,5.2044943e-06,5.5493667e-05,6.0741968e-05,4.5263446e-06,2.7392016e-06,4.823961e-05,5.997922e-05,1.3411018e-05,9.367465e-06,3.2349149e-06,7.109993e-05,4.7359235e-06,1.511662e-06,3.0531448e-06,5.3742504e-05
84,1.5633681e-05,5.4540793e-05,4.7094272e-05,5.1937852e-05,2.8882092e-05,2.9540063e-06,1.3520749e-05,1.2063894e-07,4.359935e-06,3.9923534e-06,6.795722e-05,2.2509704e-08,2.042566e-05,4.0206512e-08,5.3155643e-05,6.7096953e-06,5.7086476e-07,2.8652255e-05,2.4017385e-05,2.3657933e-05,6.451311e-07,5.7334408e-05,2.4675051e-05,2.063559e-05,1.0883294e-06,9.97089e-06,2.497325e-05,1.2018185e-05,2.7778717e-06,2.802869e-06,5.8949485e-05,4.327006e-05,4.235438e-06,1.5971378e-05,3.2586975e-06,2.865111e-06,4.5533143e-05,5.1087132e-05,2.2292143e-06,7.0959993e-07,3.9108774e-05,4.9223752e-05,9.78881e-06,5.906889e-06,1.2552746e-06,5.7391964e-05,3.3407598e-06,2.2446449e-07,6.0013156e-07,4.4210447e-05
85,1.1579652e-05,4.2163287e-05,3.689816e-05,4.3179003e-05,1.9821991e-05,8.1571875e-07,8.259368e-06,1.6785789e-07,2.019942e-06,1.821194e-06,5.240068e-05,7.761043e-07,1.4738358e-05,3.0474567e-07,4.187633e-05,4.56475e-06,2.1107574e-08,2.0294061e-05,1.7305754e-05,1.7219141e-05,1.0013494e-07,4.5352506e-05,1.8351267e-05,1.48731715e-05,3.7766364e-07,5.450389e-06,1.8306628e-05,9.695308e-06,1.0719157e-06,8.705792e-07,4.55988e-05,3.494818e-05,1.4238224e-06,1.1004814e-05,1.0968923e-06,1.1862763e-06,3.532131e-05,4.0713207e-05,7.477519e-07,3.1962069e-09,2.9905335e-05,3.81272e-05,6.4739634e-06,3.1741138e-06,1.6714131e-07,4.377619e-05,2.05315e-06,6.17713e-08,2.99866e-08,3.4366072e-05
86,7.866735e-06,3.0581257e-05,2.7151546e-05,3.395097e-05,1.2325921e-05,8.34613e-09,4.291694e-06,1.266414e-06,5.917328e-07,5.261777e-07,3.7967842e-05,3.1996276e-06,9.763121e-06,1.5916447e-06,3.105081e-05,2.737725e-06,1.723666e-07,1.3177699e-05,1.1449878e-05,1.1506888e-05,2.2280298e-08,3.376886e-05,1.2640613e-05,9.833641e-06,3.542232e-08,2.321073e-06,1.2365936e-05,7.218456e-06,1.7982296e-07,5.3132187e-08,3.311013e-05,2.6638252e-05,1.3431243e-07,6.838508e-06,1.04021424e-07,2.515849e-07,2.5703077e-05,3.056858e-05,7.2452444e-08,4.482176e-07,2.1383079e-05,2.7665425e-05,3.766856e-06,1.3128226e-06,9.162523e-08,3.128048e-05,1.0359767e-06,8.2623814e-07,1.1140714e-06,2.505909e-05
87,4.790213e-06,2.0511648e-05,1.853108e-05,2.5058986e-05,6.675247e-06,4.687758e-07,1.6911471e-06,3.1339302e-06,2.5370387e-08,2.1816895e-08,2.548051e-05,6.484472e-06,5.781167e-06,3.6109486e-06,2.1447098e-05,1.3661992e-06,8.185938e-07,7.6105152e-06,6.7720025e-06,6.886551e-06,3.2807122e-07,2.3386008e-05,7.902243e-06,5.8040614e-06,4.596247e-08,5.7025557e-07,7.5143557e-06,4.896802e-06,1.966437e-08,1.673565e-07,2.2253163e-05,1.9001298e-05,1.52001e-07,3.6821266e-06,1.1625085e-07,1.9847275e-09,1.729727e-05,2.1388652e-05,7.382537e-08,1.7136698e-06,1.4071555e-05,1.854112e-05,1.8120331e-06,3.00694e-07,9.724652e-07,2.0609123e-05,3.6690923e-07,2.2030456e-06,3.3815247e-06,1.6905133e-05
88,2.4932783e-06,1.2379858e-05,1.14576005e-05,1.7121305e-05,2.8843265e-06,1.954486e-06,3.412826e-07,5.390822e-06,1.4956032e-07,1.333962e-07,1.5416552e-05,9.832264e-06,2.8986444e-06,5.987811e-06,1.3538795e-05,4.8986664e-07,1.709951e-06,3.6689246e-06,3.3898564e-06,3.5080682e-06,8.7804654e-07,1.4732195e-05,4.3082678e-06,2.8909212e-06,3.3105778e-07,2.9489269e-09,3.913269e-06,2.946584e-06,4.048037e-07,9.3475967e-07,1.3482825e-05,1.2489527e-05,1.1022078e-06,1.570351e-06,8.4728964e-07,2.7893628e-07,1.0480935e-05,1.36655535e-05,5.486323e-07,3.3906306e-06,8.269938e-06,1.117504e-05,6.13413e-07,9.947137e-11,2.620386e-06,1.2151845e-05,4.672795e-08,3.8279363e-06,6.2301506e-06,1.02816475e-05
89,9.926434e-07,6.364349e-06,6.123092e-06,1.054351e-05,7.676855e-07,4.115274e-06,3.402893e-09,7.6349115e-06,7.2617337e-07,6.413191e-07,7.962102e-06,1.2570698e-05,1.0771839e-06,8.333383e-06,7.5273842e-06,6.994044e-08,2.6031607e-06,1.2548155e-06,1.2551786e-06,1.3462018e-06,1.5103873e-06,8.081304e-06,1.8728198e-06,1.0570969e-06,7.7539767e-07,3.140767e-07,1.5580113e-06,1.4855403e-06,1.0995739e-06,2.0394339e-06,6.9816115e-06,7.3422207e-06,2.5424522e-06,4.0591252e-07,1.9590593e-06,8.72485e-07,5.414644e-06,7.6619945e-06,1.267014e-06,5.070282e-06,4.077526e-06,5.7358657e-06,7.281765e-08,2.063507e-07,4.765993e-06,6.0280463e-06,1.8319508e-08,5.348824e-06,9.042829e-06,5.349946e-06
90,2.0792749e-07,2.433919e-06,2.5349905e-06,5.54276e-06,1.7573644e-08,6.5636145e-06,3.7739298e-07,9.508954e-06,1.5022623e-06,1.323848e-06,3.0733163e-06,1.4224741e-05,1.8028791e-07,1.0310415e-05,3.4008103e-06,1.5563947e-08,3.2993094e-06,1.5010612e-07,2.0741585e-07,2.5300324e-07,2.0719704e-06,3.4923987e-06,4.967785e-07,1.6568886e-07,1.2529097e-06,1.1578372e-06,3.2126502e-07,5.4361834e-07,1.8680294e-06,3.1797788e-06,2.7153592e-06,3.6298954e-06,4.043133e-06,7.2110655e-09,3.1238126e-06,1.5669522e-06,2.0884463e-06,3.4540112e-06,2.0123268e-06,6.4037395e-06,1.4370027e-06,2.1946614e-06,3.2587092e-08,6.9647064e-07,7.113576e-06,2.1495846e-06,1.9122697e-07,6.4784876e-06,1.1277643e-05,2.0991492e-06
91,9.2366453e-10,4.1584153e-07,5.658688e-07,2.1769029e-06,2.7196373e-07,8.930571e-06,1.1562616e-06,1.07435535e-05,2.2500224e-06,1.9875263e-06,5.392736e-07,1.4558796e-05,1.6148887e-08,1.1666457e-05,9.932193e-07,2.1036254e-07,3.668013e-06,7.431113e-08,2.045344e-08,7.557371e-09,2.4436067e-06,8.6790436e-07,9.203449e-09,2.3421327e-08,1.650584e-06,2.204024e-06,2.9770117e-09,8.1639236e-08,2.5129139e-06,4.104969e-06,4.940519e-07,1.2888524e-06,5.2488367e-06,1.548544e-07,4.0699574e-06,2.176222e-06,3.6596916e-07,9.651171e-07,2.6103498e-06,7.14838e-06,1.8199688e-07,3.802878e-07,3.1239193e-07,1.2667907e-06,9.38233e-06,2.8316583e-07,4.6499343e-07,7.0243964e-06,1.2539605e-05,3.9391463e-07
92,2.0705782e-07,4.5508063e-08,1.2379527e-09,3.883975e-07,1.1671723e-06,1.0909829e-05,2.0665009e-06,1.1185929e-05,2.7972867e-06,2.4880796e-06,5.033262e-08,1.3567901e-05,3.734021e-07,1.2259842e-05,4.495811e-08,5.3524093e-07,3.6553224e-06,7.2925127e-07,4.464086e-07,3.6163385e-07,2.5546863e-06,1.768812e-09,2.0363487e-07,4.174457e-07,1.8846501e-06,3.1758989e-06,3.6992688e-07,1.5729574e-08,2.8980546e-06,4.6434684e-06,3.3251457e-08,1.6818505e-07,5.917242e-06,6.2821766e-07,4.612906e-06,2.5666486e-06,3.396675e-08,2.2755735e-08,2.9475175e-06,7.1845125e-06,8.313729e-08,3.5803794e-08,7.403484e-07,1.7571314e-06,1.1338808e-05,1.1385393e-07,7.4789193e-07,6.9042253e-06,1.26248315e-05,2.0013166e-08
93,6.624237e-07,1.0155642e-06,5.8350025e-07,3.750529e-08,2.3772056e-06,1.2282415e-05,2.890893e-06,1.0802816e-05,3.039154e-06,2.739654e-06,1.2477319e-06,1.1461095e-05,1.0497832e-06,1.20584355e-05,2.527775e-07,8.8541384e-07,3.281335e-06,1.8329978e-06,1.246793e-06,1.0739121e-06,2.3893228e-06,6.2794e-07,8.694147e-07,1.1428272e-06,1.9116408e-06,3.8756025e-06,1.1884887e-06,2.393504e-07,2.9583762e-06,4.7084586e-06,1.0031903e-06,6.9080926e-08,5.9369568e-06,1.2315347e-06,4.6636665e-06,2.6690657e-06,8.406452e-07,3.9568985e-07,2.9743835e-06,6.5226845e-06,8.851008e-07,8.647155e-07,1.1733994e-06,2.0624327e-06,1.2814283e-05,1.2918115e-06,9.693148e-07,6.149332e-06,1.1526407e-05,7.265455e-07
94,1.2215322e-06,3.0112392e-06,2.0453967e-06,9.3967685e-07,3.6343768e-06,1.2925462e-05,3.481838e-06,9.6735e-06,2.9427538e-06,2.7128028e-06,3.7655375e-06,8.606061e-06,1.8691771e-06,1.1126403e-05,1.3088726e-06,1.1808686e-06,2.6277608e-06,3.1414586e-06,2.2143038e-06,1.9331135e-06,1.9842432e-06,2.4577575e-06,1.812803e-06,2.0222685e-06,1.7293738e-06,4.1914655e-06,2.2472118e-06,6.417572e-07,2.6985258e-06,4.3033237e-06,3.0674528e-06,7.740849e-07,5.325228e-06,1.8100981e-06,4.231784e-06,2.4762455e-06,2.5270954e-06,1.8299016e-06,2.702102e-06,5.291278e-06,2.3351774e-06,2.5667523e-06,1.5078206e-06,2.1352312e-06,1.3710925e-05,3.4709217e-06,1.086094e-06,4.895056e-06,9.435051e-06,2.2560544e-06
95,1.7687145e-06,5.7362763e-06,4.1337266e-06,2.8906964e-06,4.7412454e-06,1.2809811e-05,3.7592827e-06,7.967546e-06,2.540262e-06,2.4289814e-06,7.2582206e-06,5.48731e-06,2.691332e-06,9.607196e-06,2.9280911e-06,1.3689712e-06,1.8209156e-06,4.459961e-06,3.1821778e-06,2.771738e-06,1.4212548e-06,5.2075366e-06,2.8694544e-06,2.9132968e-06,1.3760172e-06,4.0919244e-06,3.3697172e-06,1.1219093e-06,2.1813207e-06,3.5100836e-06,5.9091503e-06,2.071913e-06,4.2140255e-06,2.2556442e-06,3.410631e-06,2.0376779e-06,4.84888e-06,4.0736763e-06,2.1929247e-06,3.7141783e-06,4.20323e-06,4.862211e-06,1.6837322e-06,1.9799622e-06,1.3993839e-05,6.3332877e-06,1.0825988e-06,3.3575907e-06,6.708647e-06,4.3664695e-06
96,2.221603e-06,8.930481e-06,6.6226635e-06,5.68653e-06,5.570253e-06,1.1987879e-05,3.7073623e-06,5.9242243e-06,1.9184497e-06,1.9499003e-06,1.1419264e-05,2.6483847e-06,3.4154468e-06,7.700089e-06,4.862247e-06,1.4267722e-06,1.0122992e-06,5.6453405e-06,4.030664e-06,3.4688226e-06,8.1479845e-07,8.616766e-06,3.911442e-06,3.712735e-06,9.2312115e-07,3.6175988e-06,4.4203566e-06,1.5963727e-06,1.5143166e-06,2.4757746e-06,9.248538e-06,3.7706563e-06,2.8246575e-06,2.5061254e-06,2.360075e-06,1.4451924e-06,7.5901726e-06,6.8944023e-06,1.5464238e-06,2.0849902e-06,6.2913723e-06,7.5070548e-06,1.6811706e-06,1.6402521e-06,1.3688439e-05,9.603142e-06,9.677036e-07,1.8159618e-06,3.8401035e-06,6.8435043e-06
97,2.529141e-06,1.2368408e-05,9.323514e-06,9.137069e-06,6.054294e-06,1.0579112e-05,3.358363e-06,3.819967e-06,1.2023481e-06,1.3641811e-06,1.5987285e-05,6.4735076e-07,3.977414e-06,5.6272993e-06,6.909232e-06,1.3554378e-06,3.616774e-07,6.604407e-06,4.6820483e-06,3.95008e-06,2.9953517e-07,1.2458844e-05,4.8452857e-06,4.3547743e-06,4.669479e-07,2.8642362e-06,5.305299e-06,2.0019208e-06,8.324122e-07,1.395544e-06,1.2850062e-05,5.70639e-06,1.4433906e-06,2.5419467e-06,1.2860844e-06,8.2040555e-07,1.0567612e-05,1.0087793e-05,8.8371564e-07,7.4085375e-07,8.4403155e-06,1.0300881e-05,1.5139763e-06,1.1879226e-06,1.2865773e-05,1.3055464e-05,7.692472e-07,5.880287e-07,1.4175073e-06,9.509663e-06
98,2.6709235e-06,1.587769e-05,1.20848645e-05,1.3072847e-05,6.176716e-06,8.7478475e-06,2.7821177e-06,1.9469717e-06,5.4204907e-07,7.767278e-07,2.0751759e-05,1.2168041e-08,4.3450614e-06,3.620581e-06,8.914505e-06,1.1749532e-06,2.1092186e-08,7.2857715e-06,5.0966064e-06,4.182548e-06,1.7894225e-08,1.6542992e-05,5.6106483e-06,4.804776e-06,1.1989549e-07,1.9674378e-06,5.9672784e-06,2.298658e-06,2.825078e-07,4.971671e-07,1.6522461e-05,7.747598e-06,3.9168347e-07,2.3759158e-06,4.2225668e-07,2.985353e-07,1.3636932e-05,1.3485547e-05,3.3536912e-07,3.5552862e-08,1.0527365e-05,1.3085167e-05,1.2212363e-06,7.1146144e-07,1.1622968e-05,1.6511329e-05,5.278436e-07,9.894167e-09,8.672482e-08,1.2222078e-05
99,2.6481423e-06,1.932091e-05,1.4791875e-05,1.7351145e-05,5.964069e-06,6.689149e-06,2.0731964e-06,5.8959074e-07,9.7640836e-08,2.9620008e-07,2.5547923e-05,1.2146423e-06,4.511239e-06,1.8985802e-06,1.0766249e-05,9.1963994e-07,1.2403738e-07,7.673251e-06,5.2657865e-06,4.1654594e-06,1.0893063e-07,2.071957e-05,6.1746873e-06,5.0535423e-06,1.9615853e-09,1.0848062e-06,6.378803e-06,2.4655697e-06,9.446916e-09,2.3312682e-08,2.0123212e-05,9.789496e-06,1.2085419e-09,2.0461923e-06,8.578799e-09,1.76628e-08,1.6685815e-05,1.6948661e-05,2.8649605e-08,3.157251e-07,1.2465668e-05,1.574281e-05,8.5959215e-07,3.0237777e-07,1.0080572e-05,1.9839857e-05,2.8942222e-07,4.1665518e-07,5.1387764e-07,1.48742865e-05
100,2.479613e-06,2.2598766e-05,1.7361419e-05,2.1850714e-05,5.4674315e-06,4.610713e-06,1.3368086e-06,6.8437225e-09,2.7786495e-08,2.6971982e-08,3.0253232e-05,4.6461782e-06,4.488637e-06,6.535924e-07,1.238945e-05,6.315384e-07,7.770947e-07,7.77658e-06,5.203974e-06,3.9241027e-06,6.995459e-07,2.4870238e-05,6.5288596e-06,5.1108227e-06,2.329035e-07,3.8113444e-07,6.540586e-06,2.4983308e-06,1.4556935e-07,2.1895782e-07,2.3544544e-05,1.17582695e-05,5.919011e-07,1.607463e-06,2.7878912e-07,1.0659247e-07,1.9631767e-05,2.0375228e-05,7.903474e-08,1.9035298e-06,1.4196831e-05,1.8191799e-05,4.9440393e-07,4.7042924e-08,8.360894e-06,2.2950053e-05,1.0091183e-07,2.1281937e-06,3.3542647e-06,1.7390947e-05
